GRID_NO;month_day;reference_temperature
95097;01/01;9.9
95098;01/01;10.0
95099;01/01;10.1
96097;01/01;9.190000000000008
96098;01/01;9.7
96099;01/01;9.6
97097;01/01;8.6
97098;01/01;9.8
97099;01/01;9.5
98097;01/01;8.9
98098;01/01;8.690000000000008
95097;01/02;9.8
95098;01/02;10.0
95099;01/02;10.1
96097;01/02;9.090000000000009
96098;01/02;9.690000000000008
96099;01/02;9.6
97097;01/02;8.5
97098;01/02;9.7
97099;01/02;9.4
98097;01/02;8.8
98098;01/02;8.6
95097;01/03;9.7
95098;01/03;9.9
95099;01/03;10.0
96097;01/03;9.0
96098;01/03;9.6
96099;01/03;9.6
97097;01/03;8.5
97098;01/03;9.7
97099;01/03;9.4
98097;01/03;8.8
98098;01/03;8.6
95097;01/04;9.7
95098;01/04;9.9
95099;01/04;9.990000000000009
96097;01/04;9.0
96098;01/04;9.5
96099;01/04;9.5
97097;01/04;8.4
97098;01/04;9.6
97099;01/04;9.3
98097;01/04;8.7
98098;01/04;8.5
95097;01/05;9.7
95098;01/05;9.9
95099;01/05;9.9
96097;01/05;8.990000000000009
96098;01/05;9.4
96099;01/05;9.5
97097;01/05;8.4
97098;01/05;9.6
97099;01/05;9.3
98097;01/05;8.7
98098;01/05;8.490000000000009
95097;01/06;9.6
95098;01/06;9.7
95099;01/06;9.9
96097;01/06;8.9
96098;01/06;9.4
96099;01/06;9.4
97097;01/06;8.39000000000001
97098;01/06;9.5
97099;01/06;9.2
98097;01/06;8.690000000000008
98098;01/06;8.4
95097;01/07;9.6
95098;01/07;9.7
95099;01/07;9.8
96097;01/07;8.89000000000001
96098;01/07;9.3
96099;01/07;9.3
97097;01/07;8.29000000000001
97098;01/07;9.5
97099;01/07;9.1
98097;01/07;8.5
98098;01/07;8.3
95097;01/08;9.5
95098;01/08;9.5
95099;01/08;9.690000000000008
96097;01/08;8.7
96098;01/08;9.2
96099;01/08;9.2
97097;01/08;8.1
97098;01/08;9.4
97099;01/08;9.0
98097;01/08;8.3
98098;01/08;8.2
95097;01/09;9.2
95098;01/09;9.4
95099;01/09;9.5
96097;01/09;8.7
96098;01/09;9.1
96099;01/09;9.090000000000009
97097;01/09;8.1
97098;01/09;9.2
97099;01/09;8.9
98097;01/09;8.3
98098;01/09;8.1
95097;01/10;9.2
95098;01/10;9.39000000000001
95099;01/10;9.490000000000009
96097;01/10;8.7
96098;01/10;9.1
96099;01/10;9.0
97097;01/10;8.1
97098;01/10;9.2
97099;01/10;8.8
98097;01/10;8.3
98098;01/10;8.1
95097;01/11;9.2
95098;01/11;9.39000000000001
95099;01/11;9.5
96097;01/11;8.6
96098;01/11;9.1
96099;01/11;9.0
97097;01/11;8.1
97098;01/11;9.2
97099;01/11;8.8
98097;01/11;8.3
98098;01/11;8.1
95097;01/12;9.2
95098;01/12;9.39000000000001
95099;01/12;9.5
96097;01/12;8.6
96098;01/12;9.1
96099;01/12;9.0
97097;01/12;8.1
97098;01/12;9.2
97099;01/12;8.8
98097;01/12;8.29000000000001
98098;01/12;8.1
95097;01/13;9.2
95098;01/13;9.4
95099;01/13;9.5
96097;01/13;8.7
96098;01/13;9.1
96099;01/13;9.0
97097;01/13;8.1
97098;01/13;9.2
97099;01/13;8.8
98097;01/13;8.2
98098;01/13;8.1
95097;01/14;9.2
95098;01/14;9.3
95099;01/14;9.4
96097;01/14;8.6
96098;01/14;9.1
96099;01/14;8.990000000000009
97097;01/14;8.1
97098;01/14;9.2
97099;01/14;8.8
98097;01/14;8.2
98098;01/14;8.090000000000009
95097;01/15;9.2
95098;01/15;9.4
95099;01/15;9.5
96097;01/15;8.690000000000008
96098;01/15;9.1
96099;01/15;9.0
97097;01/15;8.1
97098;01/15;9.2
97099;01/15;8.8
98097;01/15;8.2
98098;01/15;8.090000000000009
95097;01/16;9.2
95098;01/16;9.3
95099;01/16;9.4
96097;01/16;8.6
96098;01/16;9.1
96099;01/16;8.9
97097;01/16;8.1
97098;01/16;9.1
97099;01/16;8.79000000000001
98097;01/16;8.2
98098;01/16;8.1
95097;01/17;9.3
95098;01/17;9.4
95099;01/17;9.4
96097;01/17;8.7
96098;01/17;9.1
96099;01/17;8.990000000000009
97097;01/17;8.1
97098;01/17;9.2
97099;01/17;8.8
98097;01/17;8.3
98098;01/17;8.1
95097;01/18;9.4
95098;01/18;9.5
95099;01/18;9.590000000000009
96097;01/18;8.7
96098;01/18;9.1
96099;01/18;9.0
97097;01/18;8.1
97098;01/18;9.2
97099;01/18;8.89000000000001
98097;01/18;8.3
98098;01/18;8.190000000000008
95097;01/19;9.39000000000001
95098;01/19;9.5
95099;01/19;9.6
96097;01/19;8.7
96098;01/19;9.1
96099;01/19;9.0
97097;01/19;8.1
97098;01/19;9.2
97099;01/19;8.89000000000001
98097;01/19;8.3
98098;01/19;8.1
95097;01/20;9.4
95098;01/20;9.5
95099;01/20;9.6
96097;01/20;8.7
96098;01/20;9.1
96099;01/20;9.0
97097;01/20;8.1
97098;01/20;9.2
97099;01/20;8.89000000000001
98097;01/20;8.3
98098;01/20;8.1
95097;01/21;9.4
95098;01/21;9.5
95099;01/21;9.6
96097;01/21;8.7
96098;01/21;9.1
96099;01/21;9.0
97097;01/21;8.1
97098;01/21;9.2
97099;01/21;8.89000000000001
98097;01/21;8.3
98098;01/21;8.1
95097;01/22;9.4
95098;01/22;9.5
95099;01/22;9.6
96097;01/22;8.7
96098;01/22;9.1
96099;01/22;9.0
97097;01/22;8.1
97098;01/22;9.2
97099;01/22;8.9
98097;01/22;8.39000000000001
98098;01/22;8.1
95097;01/23;9.4
95098;01/23;9.6
95099;01/23;9.7
96097;01/23;8.7
96098;01/23;9.2
96099;01/23;9.090000000000009
97097;01/23;8.2
97098;01/23;9.2
97099;01/23;8.9
98097;01/23;8.4
98098;01/23;8.1
95097;01/24;9.4
95098;01/24;9.6
95099;01/24;9.7
96097;01/24;8.7
96098;01/24;9.2
96099;01/24;9.090000000000009
97097;01/24;8.2
97098;01/24;9.2
97099;01/24;8.9
98097;01/24;8.4
98098;01/24;8.2
95097;01/25;9.4
95098;01/25;9.6
95099;01/25;9.7
96097;01/25;8.7
96098;01/25;9.29000000000001
96099;01/25;9.1
97097;01/25;8.2
97098;01/25;9.3
97099;01/25;8.9
98097;01/25;8.4
98098;01/25;8.2
95097;01/26;9.4
95098;01/26;9.6
95099;01/26;9.7
96097;01/26;8.7
96098;01/26;9.2
96099;01/26;9.1
97097;01/26;8.2
97098;01/26;9.29000000000001
97099;01/26;8.9
98097;01/26;8.4
98098;01/26;8.2
95097;01/27;9.4
95098;01/27;9.6
95099;01/27;9.7
96097;01/27;8.7
96098;01/27;9.29000000000001
96099;01/27;9.190000000000008
97097;01/27;8.2
97098;01/27;9.3
97099;01/27;8.990000000000009
98097;01/27;8.4
98098;01/27;8.2
95097;01/28;9.6
95098;01/28;9.7
95099;01/28;9.8
96097;01/28;8.89000000000001
96098;01/28;9.4
96099;01/28;9.2
97097;01/28;8.3
97098;01/28;9.4
97099;01/28;9.0
98097;01/28;8.5
98098;01/28;8.3
95097;01/29;9.590000000000009
95098;01/29;9.7
95099;01/29;9.8
96097;01/29;8.79000000000001
96098;01/29;9.39000000000001
96099;01/29;9.2
97097;01/29;8.2
97098;01/29;9.3
97099;01/29;9.0
98097;01/29;8.490000000000009
98098;01/29;8.3
95097;01/30;9.6
95098;01/30;9.690000000000008
95099;01/30;9.8
96097;01/30;8.89000000000001
96098;01/30;9.4
96099;01/30;9.2
97097;01/30;8.29000000000001
97098;01/30;9.3
97099;01/30;9.0
98097;01/30;8.490000000000009
98098;01/30;8.3
95097;01/31;9.7
95098;01/31;9.7
95099;01/31;9.8
96097;01/31;9.0
96098;01/31;9.5
96099;01/31;9.4
97097;01/31;8.39000000000001
97098;01/31;9.6
97099;01/31;9.1
98097;01/31;8.590000000000009
98098;01/31;8.4
95097;02/01;9.7
95098;02/01;9.79000000000001
95099;02/01;9.89000000000001
96097;02/01;9.1
96098;02/01;9.6
96099;02/01;9.490000000000009
97097;02/01;8.4
97098;02/01;9.690000000000008
97099;02/01;9.1
98097;02/01;8.6
98098;02/01;8.5
95097;02/02;9.7
95098;02/02;9.7
95099;02/02;9.89000000000001
96097;02/02;9.1
96098;02/02;9.6
96099;02/02;9.490000000000009
97097;02/02;8.4
97098;02/02;9.6
97099;02/02;9.1
98097;02/02;8.6
98098;02/02;8.5
95097;02/03;9.8
95098;02/03;9.8
95099;02/03;9.9
96097;02/03;9.1
96098;02/03;9.6
96099;02/03;9.5
97097;02/03;8.490000000000009
97098;02/03;9.7
97099;02/03;9.29000000000001
98097;02/03;8.7
98098;02/03;8.5
95097;02/04;9.8
95098;02/04;9.8
95099;02/04;10.0
96097;02/04;9.1
96098;02/04;9.6
96099;02/04;9.5
97097;02/04;8.5
97098;02/04;9.7
97099;02/04;9.3
98097;02/04;8.7
98098;02/04;8.5
95097;02/05;9.8
95098;02/05;9.9
95099;02/05;10.1
96097;02/05;9.2
96098;02/05;9.8
96099;02/05;9.6
97097;02/05;8.6
97098;02/05;9.7
97099;02/05;9.4
98097;02/05;8.8
98098;02/05;8.5
95097;02/06;9.9
95098;02/06;10.1
95099;02/06;10.2
96097;02/06;9.3
96098;02/06;9.9
96099;02/06;9.7
97097;02/06;8.6
97098;02/06;9.89000000000001
97099;02/06;9.5
98097;02/06;9.0
98098;02/06;8.6
95097;02/07;10.0
95098;02/07;10.2
95099;02/07;10.4
96097;02/07;9.4
96098;02/07;10.0
96099;02/07;9.7
97097;02/07;8.8
97098;02/07;9.990000000000009
97099;02/07;9.590000000000009
98097;02/07;9.0
98098;02/07;8.6
95097;02/08;10.1
95098;02/08;10.3
95099;02/08;10.5
96097;02/08;9.5
96098;02/08;10.0
96099;02/08;9.9
97097;02/08;8.990000000000009
97098;02/08;10.1
97099;02/08;9.7
98097;02/08;9.1
98098;02/08;8.9
95097;02/09;10.39000000000001
95098;02/09;10.5
95099;02/09;10.7
96097;02/09;9.7
96098;02/09;10.2
96099;02/09;10.2
97097;02/09;9.190000000000008
97098;02/09;10.3
97099;02/09;9.89000000000001
98097;02/09;9.2
98098;02/09;9.1
95097;02/10;10.5
95098;02/10;10.6
95099;02/10;10.8
96097;02/10;9.8
96098;02/10;10.3
96099;02/10;10.3
97097;02/10;9.3
97098;02/10;10.4
97099;02/10;10.1
98097;02/10;9.4
98098;02/10;9.2
95097;02/11;10.8
95098;02/11;10.9
95099;02/11;11.1
96097;02/11;10.0
96098;02/11;10.6
96099;02/11;10.590000000000009
97097;02/11;9.5
97098;02/11;10.7
97099;02/11;10.4
98097;02/11;9.6
98098;02/11;9.4
95097;02/12;10.9
95098;02/12;11.1
95099;02/12;11.1
96097;02/12;10.2
96098;02/12;10.690000000000008
96099;02/12;10.7
97097;02/12;9.6
97098;02/12;10.8
97099;02/12;10.5
98097;02/12;9.7
98098;02/12;9.6
95097;02/13;11.0
95098;02/13;11.2
95099;02/13;11.3
96097;02/13;10.3
96098;02/13;10.8
96099;02/13;10.9
97097;02/13;9.8
97098;02/13;10.990000000000009
97099;02/13;10.6
98097;02/13;9.9
98098;02/13;9.7
95097;02/14;11.2
95098;02/14;11.3
95099;02/14;11.5
96097;02/14;10.5
96098;02/14;10.9
96099;02/14;10.990000000000009
97097;02/14;9.9
97098;02/14;11.0
97099;02/14;10.7
98097;02/14;10.0
98098;02/14;9.79000000000001
95097;02/15;11.190000000000008
95098;02/15;11.3
95099;02/15;11.490000000000009
96097;02/15;10.490000000000009
96098;02/15;10.9
96099;02/15;10.9
97097;02/15;9.9
97098;02/15;11.0
97099;02/15;10.7
98097;02/15;10.0
98098;02/15;9.79000000000001
95097;02/16;11.2
95098;02/16;11.3
95099;02/16;11.490000000000009
96097;02/16;10.5
96098;02/16;10.9
96099;02/16;10.9
97097;02/16;9.9
97098;02/16;11.0
97099;02/16;10.7
98097;02/16;10.0
98098;02/16;9.7
95097;02/17;11.29000000000001
95098;02/17;11.5
95099;02/17;11.6
96097;02/17;10.6
96098;02/17;11.1
96099;02/17;11.190000000000008
97097;02/17;9.990000000000009
97098;02/17;11.190000000000008
97099;02/17;10.9
98097;02/17;10.0
98098;02/17;9.8
95097;02/18;11.3
95098;02/18;11.6
95099;02/18;11.7
96097;02/18;10.7
96098;02/18;11.190000000000008
96099;02/18;11.29000000000001
97097;02/18;10.1
97098;02/18;11.2
97099;02/18;11.0
98097;02/18;10.0
98098;02/18;9.9
95097;02/19;11.4
95098;02/19;11.6
95099;02/19;11.7
96097;02/19;10.7
96098;02/19;11.3
96099;02/19;11.3
97097;02/19;10.1
97098;02/19;11.3
97099;02/19;11.090000000000009
98097;02/19;10.090000000000009
98098;02/19;9.9
95097;02/20;11.5
95098;02/20;11.6
95099;02/20;11.9
96097;02/20;10.990000000000009
96098;02/20;11.5
96099;02/20;11.4
97097;02/20;10.3
97098;02/20;11.5
97099;02/20;11.2
98097;02/20;10.2
98098;02/20;10.1
95097;02/21;11.7
95098;02/21;11.8
95099;02/21;12.0
96097;02/21;11.190000000000008
96098;02/21;11.6
96099;02/21;11.690000000000008
97097;02/21;10.5
97098;02/21;11.7
97099;02/21;11.4
98097;02/21;10.4
98098;02/21;10.2
95097;02/22;11.8
95098;02/22;11.990000000000009
95099;02/22;12.2
96097;02/22;11.29000000000001
96098;02/22;11.8
96099;02/22;11.7
97097;02/22;10.6
97098;02/22;11.8
97099;02/22;11.6
98097;02/22;10.8
98098;02/22;10.4
95097;02/23;12.0
95098;02/23;12.2
95099;02/23;12.39000000000001
96097;02/23;11.490000000000009
96098;02/23;12.0
96099;02/23;11.990000000000009
97097;02/23;10.8
97098;02/23;12.0
97099;02/23;11.7
98097;02/23;11.0
98098;02/23;10.6
95097;02/24;12.3
95098;02/24;12.5
95099;02/24;12.7
96097;02/24;11.79000000000001
96098;02/24;12.2
96099;02/24;12.3
97097;02/24;11.190000000000008
97098;02/24;12.4
97099;02/24;12.0
98097;02/24;11.2
98098;02/24;10.9
95097;02/25;12.5
95098;02/25;12.79000000000001
95099;02/25;12.9
96097;02/25;12.1
96098;02/25;12.6
96099;02/25;12.4
97097;02/25;11.490000000000009
97098;02/25;12.6
97099;02/25;12.2
98097;02/25;11.5
98098;02/25;11.29000000000001
95097;02/26;12.7
95098;02/26;12.9
95099;02/26;13.1
96097;02/26;12.3
96098;02/26;12.8
96099;02/26;12.79000000000001
97097;02/26;11.7
97098;02/26;12.89000000000001
97099;02/26;12.590000000000009
98097;02/26;11.8
98098;02/26;11.5
95097;02/27;12.9
95098;02/27;13.190000000000008
95099;02/27;13.4
96097;02/27;12.5
96098;02/27;13.0
96099;02/27;13.0
97097;02/27;11.9
97098;02/27;13.0
97099;02/27;12.8
98097;02/27;11.9
98098;02/27;11.7
95097;02/28;13.2
95098;02/28;13.5
95099;02/28;13.7
96097;02/28;12.690000000000008
96098;02/28;13.2
96099;02/28;13.2
97097;02/28;12.190000000000008
97098;02/28;13.29000000000001
97099;02/28;12.9
98097;02/28;12.1
98098;02/28;11.9
95097;03/01;13.590000000000009
95098;03/01;13.8
95099;03/01;14.0
96097;03/01;12.990000000000009
96098;03/01;13.4
96099;03/01;13.4
97097;03/01;12.39000000000001
97098;03/01;13.5
97099;03/01;13.2
98097;03/01;12.2
98098;03/01;12.1
95097;03/02;13.7
95098;03/02;13.990000000000009
95099;03/02;14.2
96097;03/02;13.190000000000008
96098;03/02;13.690000000000008
96099;03/02;13.7
97097;03/02;12.5
97098;03/02;13.7
97099;03/02;13.3
98097;03/02;12.490000000000009
98098;03/02;12.3
95097;03/03;14.0
95098;03/03;14.1
95099;03/03;14.4
96097;03/03;13.3
96098;03/03;13.8
96099;03/03;13.9
97097;03/03;12.7
97098;03/03;13.79000000000001
97099;03/03;13.6
98097;03/03;12.6
98098;03/03;12.490000000000009
95097;03/04;14.0
95098;03/04;14.2
95099;03/04;14.490000000000009
96097;03/04;13.4
96098;03/04;13.9
96099;03/04;14.0
97097;03/04;12.8
97098;03/04;13.9
97099;03/04;13.8
98097;03/04;12.690000000000008
98098;03/04;12.6
95097;03/05;14.29000000000001
95098;03/05;14.4
95099;03/05;14.690000000000008
96097;03/05;13.590000000000009
96098;03/05;14.0
96099;03/05;14.1
97097;03/05;12.9
97098;03/05;14.1
97099;03/05;13.9
98097;03/05;12.8
98098;03/05;12.7
95097;03/06;14.3
95098;03/06;14.5
95099;03/06;14.8
96097;03/06;13.6
96098;03/06;14.2
96099;03/06;14.3
97097;03/06;13.0
97098;03/06;14.2
97099;03/06;14.1
98097;03/06;12.9
98098;03/06;12.8
95097;03/07;14.5
95098;03/07;14.6
95099;03/07;15.0
96097;03/07;13.8
96098;03/07;14.4
96099;03/07;14.5
97097;03/07;13.190000000000008
97098;03/07;14.4
97099;03/07;14.2
98097;03/07;13.0
98098;03/07;13.0
95097;03/08;14.6
95098;03/08;14.79000000000001
95099;03/08;15.2
96097;03/08;13.9
96098;03/08;14.5
96099;03/08;14.690000000000008
97097;03/08;13.3
97098;03/08;14.6
97099;03/08;14.39000000000001
98097;03/08;13.2
98098;03/08;13.190000000000008
95097;03/09;14.8
95098;03/09;14.990000000000009
95099;03/09;15.4
96097;03/09;14.1
96098;03/09;14.6
96099;03/09;14.79000000000001
97097;03/09;13.5
97098;03/09;14.79000000000001
97099;03/09;14.5
98097;03/09;13.490000000000009
98098;03/09;13.3
95097;03/10;15.0
95098;03/10;15.2
95099;03/10;15.5
96097;03/10;14.39000000000001
96098;03/10;15.090000000000009
96099;03/10;15.090000000000009
97097;03/10;13.690000000000008
97098;03/10;15.0
97099;03/10;14.7
98097;03/10;13.6
98098;03/10;13.4
95097;03/11;15.2
95098;03/11;15.590000000000009
95099;03/11;15.7
96097;03/11;14.6
96098;03/11;15.2
96099;03/11;15.3
97097;03/11;13.9
97098;03/11;15.190000000000008
97099;03/11;15.1
98097;03/11;13.79000000000001
98098;03/11;13.5
95097;03/12;15.39000000000001
95098;03/12;15.7
95099;03/12;16.0
96097;03/12;14.8
96098;03/12;15.39000000000001
96099;03/12;15.5
97097;03/12;14.1
97098;03/12;15.4
97099;03/12;15.3
98097;03/12;13.9
98098;03/12;13.8
95097;03/13;15.590000000000009
95098;03/13;15.9
95099;03/13;16.1
96097;03/13;15.0
96098;03/13;15.5
96099;03/13;15.7
97097;03/13;14.3
97098;03/13;15.5
97099;03/13;15.490000000000009
98097;03/13;14.29000000000001
98098;03/13;13.990000000000009
95097;03/14;15.8
95098;03/14;15.9
95099;03/14;16.2
96097;03/14;15.1
96098;03/14;15.7
96099;03/14;15.89000000000001
97097;03/14;14.490000000000009
97098;03/14;15.7
97099;03/14;15.6
98097;03/14;14.4
98098;03/14;14.29000000000001
95097;03/15;15.9
95098;03/15;16.1
95099;03/15;16.3
96097;03/15;15.29000000000001
96098;03/15;15.8
96099;03/15;16.09000000000001
97097;03/15;14.6
97098;03/15;16.09000000000001
97099;03/15;15.89000000000001
98097;03/15;14.5
98098;03/15;14.4
95097;03/16;16.1
95098;03/16;16.3
95099;03/16;16.6
96097;03/16;15.4
96098;03/16;16.0
96099;03/16;16.3
97097;03/16;14.9
97098;03/16;16.3
97099;03/16;16.1
98097;03/16;14.8
98098;03/16;14.6
95097;03/17;16.4
95098;03/17;16.59000000000001
95099;03/17;16.9
96097;03/17;15.7
96098;03/17;16.4
96099;03/17;16.6
97097;03/17;15.2
97098;03/17;16.5
97099;03/17;16.3
98097;03/17;15.1
98098;03/17;14.9
95097;03/18;16.6
95098;03/18;16.890000000000008
95099;03/18;17.2
96097;03/18;16.09000000000001
96098;03/18;16.6
96099;03/18;16.8
97097;03/18;15.5
97098;03/18;16.8
97099;03/18;16.6
98097;03/18;15.3
98098;03/18;15.3
95097;03/19;16.890000000000008
95098;03/19;17.1
95099;03/19;17.5
96097;03/19;16.2
96098;03/19;16.7
96099;03/19;17.0
97097;03/19;15.7
97098;03/19;17.0
97099;03/19;16.8
98097;03/19;15.5
98098;03/19;15.490000000000009
95097;03/20;16.9
95098;03/20;17.1
95099;03/20;17.5
96097;03/20;16.3
96098;03/20;16.8
96099;03/20;17.1
97097;03/20;15.8
97098;03/20;17.1
97099;03/20;16.8
98097;03/20;15.6
98098;03/20;15.6
95097;03/21;17.0
95098;03/21;17.2
95099;03/21;17.69000000000001
96097;03/21;16.4
96098;03/21;17.0
96099;03/21;17.3
97097;03/21;15.9
97098;03/21;17.2
97099;03/21;16.9
98097;03/21;15.7
98098;03/21;15.6
95097;03/22;17.1
95098;03/22;17.4
95099;03/22;17.7
96097;03/22;16.5
96098;03/22;17.19000000000001
96099;03/22;17.4
97097;03/22;15.990000000000009
97098;03/22;17.3
97099;03/22;17.1
98097;03/22;15.8
98098;03/22;15.690000000000008
95097;03/23;17.2
95098;03/23;17.5
95099;03/23;18.0
96097;03/23;16.6
96098;03/23;17.3
96099;03/23;17.5
97097;03/23;16.1
97098;03/23;17.4
97099;03/23;17.3
98097;03/23;16.0
98098;03/23;15.9
95097;03/24;17.4
95098;03/24;17.7
95099;03/24;18.1
96097;03/24;16.8
96098;03/24;17.4
96099;03/24;17.6
97097;03/24;16.19000000000001
97098;03/24;17.6
97099;03/24;17.4
98097;03/24;16.1
98098;03/24;15.9
95097;03/25;17.69000000000001
95098;03/25;17.890000000000008
95099;03/25;18.2
96097;03/25;17.0
96098;03/25;17.6
96099;03/25;17.8
97097;03/25;16.3
97098;03/25;17.8
97099;03/25;17.6
98097;03/25;16.2
98098;03/25;16.1
95097;03/26;17.9
95098;03/26;18.0
95099;03/26;18.4
96097;03/26;17.3
96098;03/26;17.8
96099;03/26;18.1
97097;03/26;16.59000000000001
97098;03/26;18.09000000000001
97099;03/26;17.8
98097;03/26;16.4
98098;03/26;16.3
95097;03/27;18.0
95098;03/27;18.2
95099;03/27;18.5
96097;03/27;17.5
96098;03/27;18.0
96099;03/27;18.3
97097;03/27;16.8
97098;03/27;18.390000000000008
97099;03/27;18.0
98097;03/27;16.6
98098;03/27;16.5
95097;03/28;18.0
95098;03/28;18.29000000000001
95099;03/28;18.6
96097;03/28;17.6
96098;03/28;18.2
96099;03/28;18.4
97097;03/28;16.890000000000008
97098;03/28;18.5
97099;03/28;18.19000000000001
98097;03/28;16.7
98098;03/28;16.5
95097;03/29;18.29000000000001
95098;03/29;18.5
95099;03/29;18.7
96097;03/29;17.6
96098;03/29;18.3
96099;03/29;18.49000000000001
97097;03/29;16.9
97098;03/29;18.59000000000001
97099;03/29;18.2
98097;03/29;16.8
98098;03/29;16.6
95097;03/30;18.5
95098;03/30;18.79000000000001
95099;03/30;19.0
96097;03/30;17.8
96098;03/30;18.5
96099;03/30;18.7
97097;03/30;17.1
97098;03/30;18.69000000000001
97099;03/30;18.49000000000001
98097;03/30;17.0
98098;03/30;16.8
95097;03/31;18.7
95098;03/31;18.9
95099;03/31;19.1
96097;03/31;18.1
96098;03/31;18.7
96099;03/31;18.99000000000001
97097;03/31;17.3
97098;03/31;18.8
97099;03/31;18.8
98097;03/31;17.2
98098;03/31;17.0
95097;04/01;18.8
95098;04/01;19.0
95099;04/01;19.3
96097;04/01;18.3
96098;04/01;18.9
96099;04/01;19.0
97097;04/01;17.4
97098;04/01;18.9
97099;04/01;18.890000000000008
98097;04/01;17.3
98098;04/01;17.1
95097;04/02;18.9
95098;04/02;19.1
95099;04/02;19.4
96097;04/02;18.49000000000001
96098;04/02;19.0
96099;04/02;19.2
97097;04/02;17.5
97098;04/02;19.1
97099;04/02;19.1
98097;04/02;17.4
98098;04/02;17.2
95097;04/03;19.19000000000001
95098;04/03;19.3
95099;04/03;19.59000000000001
96097;04/03;18.59000000000001
96098;04/03;19.2
96099;04/03;19.4
97097;04/03;17.890000000000008
97098;04/03;19.3
97099;04/03;19.2
98097;04/03;17.6
98098;04/03;17.4
95097;04/04;19.3
95098;04/04;19.5
95099;04/04;19.8
96097;04/04;18.8
96098;04/04;19.3
96099;04/04;19.5
97097;04/04;18.0
97098;04/04;19.4
97099;04/04;19.3
98097;04/04;17.7
98098;04/04;17.6
95097;04/05;19.4
95098;04/05;19.7
95099;04/05;20.0
96097;04/05;18.9
96098;04/05;19.49000000000001
96099;04/05;19.6
97097;04/05;18.2
97098;04/05;19.6
97099;04/05;19.4
98097;04/05;17.9
98098;04/05;17.7
95097;04/06;19.6
95098;04/06;19.99000000000001
95099;04/06;20.2
96097;04/06;19.2
96098;04/06;19.79000000000001
96099;04/06;19.8
97097;04/06;18.5
97098;04/06;19.8
97099;04/06;19.69000000000001
98097;04/06;18.29000000000001
98098;04/06;18.09000000000001
95097;04/07;19.890000000000008
95098;04/07;20.1
95099;04/07;20.390000000000008
96097;04/07;19.29000000000001
96098;04/07;19.9
96099;04/07;20.1
97097;04/07;18.69000000000001
97098;04/07;20.0
97099;04/07;19.890000000000008
98097;04/07;18.4
98098;04/07;18.390000000000008
95097;04/08;20.09000000000001
95098;04/08;20.29000000000001
95099;04/08;20.6
96097;04/08;19.49000000000001
96098;04/08;20.2
96099;04/08;20.4
97097;04/08;18.8
97098;04/08;20.3
97099;04/08;20.19000000000001
98097;04/08;18.5
98098;04/08;18.5
95097;04/09;20.390000000000008
95098;04/09;20.6
95099;04/09;20.99000000000001
96097;04/09;19.9
96098;04/09;20.5
96099;04/09;20.7
97097;04/09;19.1
97098;04/09;20.7
97099;04/09;20.5
98097;04/09;18.8
98098;04/09;18.7
95097;04/10;20.4
95098;04/10;20.890000000000008
95099;04/10;21.2
96097;04/10;20.0
96098;04/10;20.7
96099;04/10;20.9
97097;04/10;19.2
97098;04/10;20.8
97099;04/10;20.69000000000001
98097;04/10;19.09000000000001
98098;04/10;18.99000000000001
95097;04/11;20.5
95098;04/11;21.0
95099;04/11;21.3
96097;04/11;20.1
96098;04/11;20.890000000000008
96099;04/11;21.0
97097;04/11;19.2
97098;04/11;20.8
97099;04/11;20.8
98097;04/11;19.2
98098;04/11;19.0
95097;04/12;20.59000000000001
95098;04/12;21.1
95099;04/12;21.49000000000001
96097;04/12;20.3
96098;04/12;21.09000000000001
96099;04/12;21.2
97097;04/12;19.5
97098;04/12;20.99000000000001
97099;04/12;20.8
98097;04/12;19.3
98098;04/12;19.2
95097;04/13;20.7
95098;04/13;21.2
95099;04/13;21.6
96097;04/13;20.390000000000008
96098;04/13;21.2
96099;04/13;21.4
97097;04/13;19.6
97098;04/13;21.2
97099;04/13;21.19000000000001
98097;04/13;19.4
98098;04/13;19.3
95097;04/14;20.8
95098;04/14;21.3
95099;04/14;21.79000000000001
96097;04/14;20.5
96098;04/14;21.3
96099;04/14;21.4
97097;04/14;19.7
97098;04/14;21.4
97099;04/14;21.2
98097;04/14;19.6
98098;04/14;19.4
95097;04/15;20.99000000000001
95098;04/15;21.4
95099;04/15;21.8
96097;04/15;20.6
96098;04/15;21.3
96099;04/15;21.59000000000001
97097;04/15;19.8
97098;04/15;21.49000000000001
97099;04/15;21.3
98097;04/15;19.7
98098;04/15;19.5
95097;04/16;21.1
95098;04/16;21.4
95099;04/16;21.8
96097;04/16;20.6
96098;04/16;21.3
96099;04/16;21.7
97097;04/16;19.890000000000008
97098;04/16;21.59000000000001
97099;04/16;21.49000000000001
98097;04/16;19.79000000000001
98098;04/16;19.5
95097;04/17;21.2
95098;04/17;21.6
95099;04/17;21.9
96097;04/17;20.8
96098;04/17;21.4
96099;04/17;21.8
97097;04/17;20.0
97098;04/17;21.6
97099;04/17;21.6
98097;04/17;19.8
98098;04/17;19.69000000000001
95097;04/18;21.3
95098;04/18;21.7
95099;04/18;22.1
96097;04/18;20.9
96098;04/18;21.6
96099;04/18;22.0
97097;04/18;20.1
97098;04/18;21.7
97099;04/18;21.7
98097;04/18;19.9
98098;04/18;19.9
95097;04/19;21.6
95098;04/19;21.79000000000001
95099;04/19;22.19000000000001
96097;04/19;21.0
96098;04/19;21.8
96099;04/19;22.0
97097;04/19;20.3
97098;04/19;21.8
97099;04/19;21.9
98097;04/19;20.0
98098;04/19;19.9
95097;04/20;21.7
95098;04/20;21.9
95099;04/20;22.2
96097;04/20;21.2
96098;04/20;21.9
96099;04/20;22.19000000000001
97097;04/20;20.49000000000001
97098;04/20;22.0
97099;04/20;22.0
98097;04/20;20.2
98098;04/20;20.1
95097;04/21;21.9
95098;04/21;22.1
95099;04/21;22.4
96097;04/21;21.5
96098;04/21;22.1
96099;04/21;22.3
97097;04/21;20.7
97098;04/21;22.1
97099;04/21;22.2
98097;04/21;20.5
98098;04/21;20.4
95097;04/22;22.1
95098;04/22;22.4
95099;04/22;22.6
96097;04/22;21.6
96098;04/22;22.29000000000001
96099;04/22;22.5
97097;04/22;20.99000000000001
97098;04/22;22.390000000000008
97099;04/22;22.3
98097;04/22;20.6
98098;04/22;20.6
95097;04/23;22.2
95098;04/23;22.6
95099;04/23;22.79000000000001
96097;04/23;21.8
96098;04/23;22.4
96099;04/23;22.7
97097;04/23;21.1
97098;04/23;22.5
97099;04/23;22.4
98097;04/23;20.9
98098;04/23;20.8
95097;04/24;22.4
95098;04/24;22.7
95099;04/24;23.0
96097;04/24;21.9
96098;04/24;22.6
96099;04/24;22.8
97097;04/24;21.3
97098;04/24;22.6
97099;04/24;22.6
98097;04/24;21.09000000000001
98098;04/24;21.0
95097;04/25;22.49000000000001
95098;04/25;22.8
95099;04/25;23.1
96097;04/25;22.0
96098;04/25;22.7
96099;04/25;22.9
97097;04/25;21.390000000000008
97098;04/25;22.9
97099;04/25;22.6
98097;04/25;21.2
98098;04/25;21.1
95097;04/26;22.6
95098;04/26;23.0
95099;04/26;23.3
96097;04/26;22.1
96098;04/26;22.9
96099;04/26;23.0
97097;04/26;21.5
97098;04/26;22.9
97099;04/26;22.7
98097;04/26;21.3
98098;04/26;21.3
95097;04/27;22.7
95098;04/27;23.1
95099;04/27;23.390000000000008
96097;04/27;22.29000000000001
96098;04/27;22.99000000000001
96099;04/27;23.1
97097;04/27;21.5
97098;04/27;23.1
97099;04/27;22.8
98097;04/27;21.5
98098;04/27;21.390000000000008
95097;04/28;22.8
95098;04/28;23.19000000000001
95099;04/28;23.49000000000001
96097;04/28;22.390000000000008
96098;04/28;23.1
96099;04/28;23.380000000000017
97097;04/28;21.7
97098;04/28;23.2
97099;04/28;22.9
98097;04/28;21.6
98098;04/28;21.49000000000001
95097;04/29;22.9
95098;04/29;23.3
95099;04/29;23.79000000000001
96097;04/29;22.5
96098;04/29;23.1
96099;04/29;23.6
97097;04/29;21.8
97098;04/29;23.3
97099;04/29;23.0
98097;04/29;21.8
98098;04/29;21.7
95097;04/30;23.2
95098;04/30;23.4
95099;04/30;23.8
96097;04/30;22.6
96098;04/30;23.480000000000018
96099;04/30;23.7
97097;04/30;22.0
97098;04/30;23.69000000000001
97099;04/30;23.390000000000008
98097;04/30;21.9
98098;04/30;21.9
95097;05/01;23.3
95098;05/01;23.59000000000001
95099;05/01;23.99000000000001
96097;05/01;22.7
96098;05/01;23.5
96099;05/01;23.8
97097;05/01;22.1
97098;05/01;23.7
97099;05/01;23.5
98097;05/01;21.9
98098;05/01;21.9
95097;05/02;23.3
95098;05/02;23.69000000000001
95099;05/02;24.1
96097;05/02;22.79000000000001
96098;05/02;23.6
96099;05/02;23.9
97097;05/02;22.1
97098;05/02;23.8
97099;05/02;23.59000000000001
98097;05/02;21.99000000000001
98098;05/02;22.0
95097;05/03;23.4
95098;05/03;23.7
95099;05/03;24.1
96097;05/03;22.8
96098;05/03;23.6
96099;05/03;23.9
97097;05/03;22.19000000000001
97098;05/03;23.8
97099;05/03;23.69000000000001
98097;05/03;22.0
98098;05/03;22.0
95097;05/04;23.4
95098;05/04;23.8
95099;05/04;24.2
96097;05/04;23.0
96098;05/04;23.7
96099;05/04;24.1
97097;05/04;22.29000000000001
97098;05/04;23.9
97099;05/04;23.8
98097;05/04;22.2
98098;05/04;22.1
95097;05/05;23.6
95098;05/05;24.0
95099;05/05;24.4
96097;05/05;23.1
96098;05/05;23.9
96099;05/05;24.2
97097;05/05;22.4
97098;05/05;24.0
97099;05/05;23.9
98097;05/05;22.3
98098;05/05;22.2
95097;05/06;23.79000000000001
95098;05/06;24.1
95099;05/06;24.5
96097;05/06;23.2
96098;05/06;24.0
96099;05/06;24.2
97097;05/06;22.4
97098;05/06;24.1
97099;05/06;24.0
98097;05/06;22.3
98098;05/06;22.3
95097;05/07;23.8
95098;05/07;24.1
95099;05/07;24.6
96097;05/07;23.2
96098;05/07;24.0
96099;05/07;24.3
97097;05/07;22.4
97098;05/07;24.1
97099;05/07;24.0
98097;05/07;22.3
98098;05/07;22.3
95097;05/08;23.8
95098;05/08;24.1
95099;05/08;24.6
96097;05/08;23.4
96098;05/08;24.1
96099;05/08;24.4
97097;05/08;22.5
97098;05/08;24.19000000000001
97099;05/08;24.1
98097;05/08;22.390000000000008
98098;05/08;22.3
95097;05/09;24.0
95098;05/09;24.4
95099;05/09;24.7
96097;05/09;23.5
96098;05/09;24.2
96099;05/09;24.4
97097;05/09;22.7
97098;05/09;24.3
97099;05/09;24.2
98097;05/09;22.5
98098;05/09;22.4
95097;05/10;24.1
95098;05/10;24.5
95099;05/10;24.8
96097;05/10;23.7
96098;05/10;24.4
96099;05/10;24.7
97097;05/10;22.8
97098;05/10;24.5
97099;05/10;24.4
98097;05/10;22.6
98098;05/10;22.59000000000001
95097;05/11;24.3
95098;05/11;24.6
95099;05/11;24.9
96097;05/11;23.8
96098;05/11;24.6
96099;05/11;24.8
97097;05/11;23.1
97098;05/11;24.69000000000001
97099;05/11;24.6
98097;05/11;22.8
98098;05/11;22.8
95097;05/12;24.4
95098;05/12;24.7
95099;05/12;25.0
96097;05/12;24.0
96098;05/12;24.6
96099;05/12;24.99000000000001
97097;05/12;23.1
97098;05/12;24.8
97099;05/12;24.79000000000001
98097;05/12;22.99000000000001
98098;05/12;22.9
95097;05/13;24.5
95098;05/13;24.7
95099;05/13;25.1
96097;05/13;24.1
96098;05/13;24.7
96099;05/13;25.0
97097;05/13;23.29000000000001
97098;05/13;24.9
97099;05/13;24.8
98097;05/13;23.0
98098;05/13;22.9
95097;05/14;24.5
95098;05/14;24.8
95099;05/14;25.2
96097;05/14;24.2
96098;05/14;24.79000000000001
96099;05/14;25.1
97097;05/14;23.3
97098;05/14;25.0
97099;05/14;24.9
98097;05/14;23.1
98098;05/14;23.0
95097;05/15;24.6
95098;05/15;24.9
95099;05/15;25.3
96097;05/15;24.29000000000001
96098;05/15;25.0
96099;05/15;25.2
97097;05/15;23.4
97098;05/15;25.1
97099;05/15;25.0
98097;05/15;23.2
98098;05/15;23.09000000000001
95097;05/16;24.7
95098;05/16;25.0
95099;05/16;25.3
96097;05/16;24.3
96098;05/16;25.0
96099;05/16;25.390000000000008
97097;05/16;23.6
97098;05/16;25.1
97099;05/16;25.19000000000001
98097;05/16;23.3
98098;05/16;23.1
95097;05/17;24.9
95098;05/17;25.2
95099;05/17;25.6
96097;05/17;24.5
96098;05/17;25.1
96099;05/17;25.5
97097;05/17;23.7
97098;05/17;25.2
97099;05/17;25.3
98097;05/17;23.4
98098;05/17;23.2
95097;05/18;25.1
95098;05/18;25.4
95099;05/18;25.7
96097;05/18;24.7
96098;05/18;25.4
96099;05/18;25.5
97097;05/18;23.9
97098;05/18;25.4
97099;05/18;25.4
98097;05/18;23.5
98098;05/18;23.390000000000008
95097;05/19;25.2
95098;05/19;25.5
95099;05/19;25.8
96097;05/19;24.7
96098;05/19;25.5
96099;05/19;25.9
97097;05/19;24.0
97098;05/19;25.6
97099;05/19;25.59000000000001
98097;05/19;23.69000000000001
98098;05/19;23.6
95097;05/20;25.4
95098;05/20;25.7
95099;05/20;26.1
96097;05/20;24.99000000000001
96098;05/20;25.79000000000001
96099;05/20;26.2
97097;05/20;24.19000000000001
97098;05/20;25.7
97099;05/20;25.9
98097;05/20;23.79000000000001
98098;05/20;23.8
95097;05/21;25.5
95098;05/21;25.890000000000008
95099;05/21;26.2
96097;05/21;25.1
96098;05/21;25.890000000000008
96099;05/21;26.3
97097;05/21;24.3
97098;05/21;25.9
97099;05/21;25.99000000000001
98097;05/21;23.9
98098;05/21;23.99000000000001
95097;05/22;25.8
95098;05/22;26.0
95099;05/22;26.390000000000008
96097;05/22;25.3
96098;05/22;25.9
96099;05/22;26.4
97097;05/22;24.49000000000001
97098;05/22;26.1
97099;05/22;26.09000000000001
98097;05/22;24.1
98098;05/22;24.1
95097;05/23;25.9
95098;05/23;26.2
95099;05/23;26.5
96097;05/23;25.4
96098;05/23;26.1
96099;05/23;26.4
97097;05/23;24.59000000000001
97098;05/23;26.3
97099;05/23;26.1
98097;05/23;24.2
98098;05/23;24.2
95097;05/24;26.0
95098;05/24;26.3
95099;05/24;26.6
96097;05/24;25.5
96098;05/24;26.3
96099;05/24;26.5
97097;05/24;24.69000000000001
97098;05/24;26.4
97099;05/24;26.3
98097;05/24;24.3
98098;05/24;24.2
95097;05/25;26.1
95098;05/25;26.4
95099;05/25;26.69000000000001
96097;05/25;25.6
96098;05/25;26.3
96099;05/25;26.6
97097;05/25;24.7
97098;05/25;26.5
97099;05/25;26.3
98097;05/25;24.4
98098;05/25;24.2
95097;05/26;26.2
95098;05/26;26.5
95099;05/26;26.8
96097;05/26;25.7
96098;05/26;26.3
96099;05/26;26.7
97097;05/26;24.7
97098;05/26;26.6
97099;05/26;26.4
98097;05/26;24.5
98098;05/26;24.390000000000008
95097;05/27;26.2
95098;05/27;26.59000000000001
95099;05/27;26.890000000000008
96097;05/27;25.7
96098;05/27;26.3
96099;05/27;26.7
97097;05/27;24.8
97098;05/27;26.6
97099;05/27;26.4
98097;05/27;24.5
98098;05/27;24.4
95097;05/28;26.29000000000001
95098;05/28;26.6
95099;05/28;26.9
96097;05/28;25.7
96098;05/28;26.4
96099;05/28;26.8
97097;05/28;24.8
97098;05/28;26.6
97099;05/28;26.4
98097;05/28;24.6
98098;05/28;24.4
95097;05/29;26.3
95098;05/29;26.6
95099;05/29;26.9
96097;05/29;25.79000000000001
96098;05/29;26.4
96099;05/29;26.8
97097;05/29;24.8
97098;05/29;26.6
97099;05/29;26.4
98097;05/29;24.6
98098;05/29;24.4
95097;05/30;26.3
95098;05/30;26.6
95099;05/30;27.0
96097;05/30;25.8
96098;05/30;26.5
96099;05/30;26.9
97097;05/30;24.9
97098;05/30;26.7
97099;05/30;26.5
98097;05/30;24.6
98098;05/30;24.59000000000001
95097;05/31;26.3
95098;05/31;26.7
95099;05/31;27.1
96097;05/31;25.8
96098;05/31;26.5
96099;05/31;26.9
97097;05/31;24.99000000000001
97098;05/31;26.7
97099;05/31;26.5
98097;05/31;24.69000000000001
98098;05/31;24.69000000000001
95097;06/01;26.390000000000008
95098;06/01;26.7
95099;06/01;27.19000000000001
96097;06/01;25.890000000000008
96098;06/01;26.5
96099;06/01;26.9
97097;06/01;25.0
97098;06/01;26.79000000000001
97099;06/01;26.59000000000001
98097;06/01;24.69000000000001
98098;06/01;24.7
95097;06/02;26.4
95098;06/02;26.7
95099;06/02;27.2
96097;06/02;25.9
96098;06/02;26.6
96099;06/02;26.9
97097;06/02;25.0
97098;06/02;26.8
97099;06/02;26.6
98097;06/02;24.7
98098;06/02;24.7
95097;06/03;26.4
95098;06/03;26.9
95099;06/03;27.29000000000001
96097;06/03;25.9
96098;06/03;26.7
96099;06/03;27.1
97097;06/03;25.2
97098;06/03;26.9
97099;06/03;26.7
98097;06/03;24.7
98098;06/03;24.79000000000001
95097;06/04;26.5
95098;06/04;27.0
95099;06/04;27.3
96097;06/04;26.0
96098;06/04;26.8
96099;06/04;27.2
97097;06/04;25.2
97098;06/04;27.09000000000001
97099;06/04;26.9
98097;06/04;24.9
98098;06/04;24.9
95097;06/05;26.7
95098;06/05;27.1
95099;06/05;27.4
96097;06/05;26.2
96098;06/05;27.0
96099;06/05;27.3
97097;06/05;25.3
97098;06/05;27.19000000000001
97099;06/05;27.0
98097;06/05;25.1
98098;06/05;25.0
95097;06/06;26.8
95098;06/06;27.2
95099;06/06;27.4
96097;06/06;26.4
96098;06/06;27.1
96099;06/06;27.4
97097;06/06;25.5
97098;06/06;27.29000000000001
97099;06/06;27.0
98097;06/06;25.2
98098;06/06;25.1
95097;06/07;27.0
95098;06/07;27.3
95099;06/07;27.6
96097;06/07;26.4
96098;06/07;27.1
96099;06/07;27.5
97097;06/07;25.5
97098;06/07;27.3
97099;06/07;27.1
98097;06/07;25.2
98098;06/07;25.1
95097;06/08;27.09000000000001
95098;06/08;27.4
95099;06/08;27.69000000000001
96097;06/08;26.5
96098;06/08;27.2
96099;06/08;27.7
97097;06/08;25.6
97098;06/08;27.4
97099;06/08;27.2
98097;06/08;25.5
98098;06/08;25.3
95097;06/09;27.1
95098;06/09;27.4
95099;06/09;27.79000000000001
96097;06/09;26.5
96098;06/09;27.390000000000008
96099;06/09;27.7
97097;06/09;25.69000000000001
97098;06/09;27.49000000000001
97099;06/09;27.29000000000001
98097;06/09;25.6
98098;06/09;25.4
95097;06/10;27.2
95098;06/10;27.4
95099;06/10;27.8
96097;06/10;26.6
96098;06/10;27.49000000000001
96099;06/10;27.8
97097;06/10;25.7
97098;06/10;27.5
97099;06/10;27.4
98097;06/10;25.59000000000001
98098;06/10;25.4
95097;06/11;27.3
95098;06/11;27.59000000000001
95099;06/11;28.0
96097;06/11;26.890000000000008
96098;06/11;27.5
96099;06/11;27.8
97097;06/11;25.890000000000008
97098;06/11;27.59000000000001
97099;06/11;27.5
98097;06/11;25.6
98098;06/11;25.59000000000001
95097;06/12;27.4
95098;06/12;27.7
95099;06/12;28.0
96097;06/12;26.9
96098;06/12;27.6
96099;06/12;27.9
97097;06/12;25.99000000000001
97098;06/12;27.69000000000001
97099;06/12;27.59000000000001
98097;06/12;25.7
98098;06/12;25.7
95097;06/13;27.5
95098;06/13;27.8
95099;06/13;28.1
96097;06/13;27.0
96098;06/13;27.7
96099;06/13;28.0
97097;06/13;26.1
97098;06/13;27.8
97099;06/13;27.79000000000001
98097;06/13;25.8
98098;06/13;25.8
95097;06/14;27.7
95098;06/14;27.9
95099;06/14;28.19000000000001
96097;06/14;27.0
96098;06/14;27.8
96099;06/14;28.1
97097;06/14;26.2
97098;06/14;27.8
97099;06/14;27.9
98097;06/14;25.9
98098;06/14;25.9
95097;06/15;27.79000000000001
95098;06/15;27.9
95099;06/15;28.3
96097;06/15;27.19000000000001
96098;06/15;27.9
96099;06/15;28.2
97097;06/15;26.390000000000008
97098;06/15;28.0
97099;06/15;27.99000000000001
98097;06/15;25.99000000000001
98098;06/15;26.1
95097;06/16;27.99000000000001
95098;06/16;28.1
95099;06/16;28.49000000000001
96097;06/16;27.3
96098;06/16;28.0
96099;06/16;28.4
97097;06/16;26.59000000000001
97098;06/16;28.19000000000001
97099;06/16;28.1
98097;06/16;26.1
98098;06/16;26.2
95097;06/17;28.1
95098;06/17;28.390000000000008
95099;06/17;28.6
96097;06/17;27.5
96098;06/17;28.19000000000001
96099;06/17;28.5
97097;06/17;26.8
97098;06/17;28.3
97099;06/17;28.3
98097;06/17;26.3
98098;06/17;26.3
95097;06/18;28.19000000000001
95098;06/18;28.5
95099;06/18;28.7
96097;06/18;27.59000000000001
96098;06/18;28.3
96099;06/18;28.7
97097;06/18;26.890000000000008
97098;06/18;28.390000000000008
97099;06/18;28.4
98097;06/18;26.49000000000001
98098;06/18;26.4
95097;06/19;28.3
95098;06/19;28.6
95099;06/19;28.9
96097;06/19;27.7
96098;06/19;28.5
96099;06/19;28.8
97097;06/19;27.0
97098;06/19;28.49000000000001
97099;06/19;28.5
98097;06/19;26.6
98098;06/19;26.5
95097;06/20;28.3
95098;06/20;28.7
95099;06/20;29.1
96097;06/20;27.8
96098;06/20;28.5
96099;06/20;28.890000000000008
97097;06/20;27.0
97098;06/20;28.59000000000001
97099;06/20;28.5
98097;06/20;26.6
98098;06/20;26.59000000000001
95097;06/21;28.49000000000001
95098;06/21;28.8
95099;06/21;29.19000000000001
96097;06/21;27.9
96098;06/21;28.6
96099;06/21;28.9
97097;06/21;27.0
97098;06/21;28.6
97099;06/21;28.69000000000001
98097;06/21;26.69000000000001
98098;06/21;26.6
95097;06/22;28.5
95098;06/22;28.890000000000008
95099;06/22;29.2
96097;06/22;28.0
96098;06/22;28.6
96099;06/22;28.99000000000001
97097;06/22;27.0
97098;06/22;28.69000000000001
97099;06/22;28.7
98097;06/22;26.7
98098;06/22;26.6
95097;06/23;28.5
95098;06/23;28.9
95099;06/23;29.29000000000001
96097;06/23;28.0
96098;06/23;28.69000000000001
96099;06/23;29.0
97097;06/23;27.0
97098;06/23;28.7
97099;06/23;28.79000000000001
98097;06/23;26.7
98098;06/23;26.6
95097;06/24;28.5
95098;06/24;28.9
95099;06/24;29.3
96097;06/24;28.0
96098;06/24;28.6
96099;06/24;29.0
97097;06/24;27.0
97098;06/24;28.7
97099;06/24;28.79000000000001
98097;06/24;26.7
98098;06/24;26.6
95097;06/25;28.6
95098;06/25;29.0
95099;06/25;29.3
96097;06/25;28.0
96098;06/25;28.7
96099;06/25;29.09000000000001
97097;06/25;27.1
97098;06/25;28.79000000000001
97099;06/25;28.8
98097;06/25;26.7
98098;06/25;26.7
95097;06/26;28.890000000000008
95098;06/26;29.1
95099;06/26;29.5
96097;06/26;28.1
96098;06/26;28.99000000000001
96099;06/26;29.2
97097;06/26;27.2
97098;06/26;29.0
97099;06/26;28.9
98097;06/26;26.9
98098;06/26;26.890000000000008
95097;06/27;28.99000000000001
95098;06/27;29.2
95099;06/27;29.5
96097;06/27;28.2
96098;06/27;29.0
96099;06/27;29.29000000000001
97097;06/27;27.2
97098;06/27;29.0
97099;06/27;28.9
98097;06/27;26.9
98098;06/27;26.9
95097;06/28;29.0
95098;06/28;29.3
95099;06/28;29.5
96097;06/28;28.2
96098;06/28;29.0
96099;06/28;29.3
97097;06/28;27.3
97098;06/28;29.0
97099;06/28;29.09000000000001
98097;06/28;26.9
98098;06/28;26.9
95097;06/29;29.1
95098;06/29;29.390000000000008
95099;06/29;29.6
96097;06/29;28.4
96098;06/29;29.2
96099;06/29;29.49000000000001
97097;06/29;27.4
97098;06/29;29.2
97099;06/29;29.1
98097;06/29;27.0
98098;06/29;27.0
95097;06/30;29.1
95098;06/30;29.4
95099;06/30;29.7
96097;06/30;28.5
96098;06/30;29.2
96099;06/30;29.5
97097;06/30;27.4
97098;06/30;29.2
97099;06/30;29.1
98097;06/30;27.1
98098;06/30;27.1
95097;07/01;29.2
95098;07/01;29.5
95099;07/01;29.8
96097;07/01;28.6
96098;07/01;29.3
96099;07/01;29.7
97097;07/01;27.6
97098;07/01;29.4
97099;07/01;29.4
98097;07/01;27.2
98098;07/01;27.29000000000001
95097;07/02;29.390000000000008
95098;07/02;29.59000000000001
95099;07/02;29.9
96097;07/02;28.7
96098;07/02;29.4
96099;07/02;29.79000000000001
97097;07/02;27.7
97098;07/02;29.5
97099;07/02;29.5
98097;07/02;27.29000000000001
98098;07/02;27.4
95097;07/03;29.4
95098;07/03;29.6
95099;07/03;29.9
96097;07/03;28.7
96098;07/03;29.4
96099;07/03;29.8
97097;07/03;27.7
97098;07/03;29.5
97099;07/03;29.5
98097;07/03;27.390000000000008
98098;07/03;27.4
95097;07/04;29.4
95098;07/04;29.6
95099;07/04;30.0
96097;07/04;28.8
96098;07/04;29.5
96099;07/04;29.8
97097;07/04;27.7
97098;07/04;29.69000000000001
97099;07/04;29.5
98097;07/04;27.4
98098;07/04;27.49000000000001
95097;07/05;29.5
95098;07/05;29.79000000000001
95099;07/05;30.1
96097;07/05;28.9
96098;07/05;29.59000000000001
96099;07/05;29.99000000000001
97097;07/05;27.8
97098;07/05;29.7
97099;07/05;29.6
98097;07/05;27.49000000000001
98098;07/05;27.5
95097;07/06;29.59000000000001
95098;07/06;29.9
95099;07/06;30.19000000000001
96097;07/06;28.99000000000001
96098;07/06;29.6
96099;07/06;30.0
97097;07/06;27.9
97098;07/06;29.8
97099;07/06;29.6
98097;07/06;27.5
98098;07/06;27.6
95097;07/07;29.6
95098;07/07;30.0
95099;07/07;30.2
96097;07/07;29.0
96098;07/07;29.6
96099;07/07;30.0
97097;07/07;27.9
97098;07/07;29.8
97099;07/07;29.7
98097;07/07;27.5
98098;07/07;27.7
95097;07/08;29.7
95098;07/08;30.1
95099;07/08;30.390000000000008
96097;07/08;29.1
96098;07/08;29.7
96099;07/08;30.2
97097;07/08;27.99000000000001
97098;07/08;29.9
97099;07/08;29.8
98097;07/08;27.69000000000001
98098;07/08;27.7
95097;07/09;29.7
95098;07/09;30.1
95099;07/09;30.4
96097;07/09;29.19000000000001
96098;07/09;29.79000000000001
96099;07/09;30.2
97097;07/09;28.0
97098;07/09;29.9
97099;07/09;29.8
98097;07/09;27.7
98098;07/09;27.7
95097;07/10;29.8
95098;07/10;30.19000000000001
95099;07/10;30.49000000000001
96097;07/10;29.2
96098;07/10;29.9
96099;07/10;30.3
97097;07/10;28.09000000000001
97098;07/10;30.0
97099;07/10;29.9
98097;07/10;27.7
98098;07/10;27.7
95097;07/11;29.9
95098;07/11;30.3
95099;07/11;30.6
96097;07/11;29.3
96098;07/11;30.1
96099;07/11;30.4
97097;07/11;28.2
97098;07/11;30.1
97099;07/11;30.1
98097;07/11;27.79000000000001
98098;07/11;27.8
95097;07/12;30.1
95098;07/12;30.49000000000001
95099;07/12;30.7
96097;07/12;29.5
96098;07/12;30.2
96099;07/12;30.5
97097;07/12;28.3
97098;07/12;30.2
97099;07/12;30.2
98097;07/12;27.8
98098;07/12;27.890000000000008
95097;07/13;30.1
95098;07/13;30.5
95099;07/13;30.7
96097;07/13;29.5
96098;07/13;30.29000000000001
96099;07/13;30.5
97097;07/13;28.3
97098;07/13;30.3
97099;07/13;30.2
98097;07/13;28.0
98098;07/13;27.9
95097;07/14;30.1
95098;07/14;30.4
95099;07/14;30.7
96097;07/14;29.5
96098;07/14;30.2
96099;07/14;30.5
97097;07/14;28.3
97098;07/14;30.2
97099;07/14;30.2
98097;07/14;27.8
98098;07/14;27.9
95097;07/15;30.19000000000001
95098;07/15;30.5
95099;07/15;30.8
96097;07/15;29.6
96098;07/15;30.3
96099;07/15;30.5
97097;07/15;28.3
97098;07/15;30.390000000000008
97099;07/15;30.29000000000001
98097;07/15;28.0
98098;07/15;27.9
95097;07/16;30.2
95098;07/16;30.5
95099;07/16;30.8
96097;07/16;29.6
96098;07/16;30.4
96099;07/16;30.59000000000001
97097;07/16;28.3
97098;07/16;30.4
97099;07/16;30.3
98097;07/16;28.1
98098;07/16;28.0
95097;07/17;30.3
95098;07/17;30.5
95099;07/17;30.8
96097;07/17;29.7
96098;07/17;30.4
96099;07/17;30.6
97097;07/17;28.390000000000008
97098;07/17;30.49000000000001
97099;07/17;30.4
98097;07/17;28.1
98098;07/17;28.1
95097;07/18;30.3
95098;07/18;30.59000000000001
95099;07/18;30.8
96097;07/18;29.7
96098;07/18;30.4
96099;07/18;30.6
97097;07/18;28.4
97098;07/18;30.49000000000001
97099;07/18;30.4
98097;07/18;28.1
98098;07/18;28.1
95097;07/19;30.390000000000008
95098;07/19;30.6
95099;07/19;30.9
96097;07/19;29.7
96098;07/19;30.49000000000001
96099;07/19;30.7
97097;07/19;28.6
97098;07/19;30.6
97099;07/19;30.5
98097;07/19;28.2
98098;07/19;28.19000000000001
95097;07/20;30.4
95098;07/20;30.6
95099;07/20;30.9
96097;07/20;29.7
96098;07/20;30.5
96099;07/20;30.7
97097;07/20;28.6
97098;07/20;30.6
97099;07/20;30.5
98097;07/20;28.2
98098;07/20;28.2
95097;07/21;30.4
95098;07/21;30.7
95099;07/21;31.0
96097;07/21;29.79000000000001
96098;07/21;30.5
96099;07/21;30.8
97097;07/21;28.7
97098;07/21;30.69000000000001
97099;07/21;30.5
98097;07/21;28.3
98098;07/21;28.2
95097;07/22;30.4
95098;07/22;30.8
95099;07/22;31.0
96097;07/22;29.8
96098;07/22;30.6
96099;07/22;30.890000000000008
97097;07/22;28.79000000000001
97098;07/22;30.7
97099;07/22;30.6
98097;07/22;28.390000000000008
98098;07/22;28.4
95097;07/23;30.5
95098;07/23;30.8
95099;07/23;31.0
96097;07/23;29.9
96098;07/23;30.69000000000001
96099;07/23;30.99000000000001
97097;07/23;28.890000000000008
97098;07/23;30.8
97099;07/23;30.7
98097;07/23;28.5
98098;07/23;28.5
95097;07/24;30.59000000000001
95098;07/24;30.9
95099;07/24;31.19000000000001
96097;07/24;30.0
96098;07/24;30.79000000000001
96099;07/24;31.0
97097;07/24;28.9
97098;07/24;30.8
97099;07/24;30.8
98097;07/24;28.5
98098;07/24;28.5
95097;07/25;30.59000000000001
95098;07/25;30.9
95099;07/25;31.2
96097;07/25;30.0
96098;07/25;30.8
96099;07/25;31.0
97097;07/25;28.9
97098;07/25;30.8
97099;07/25;30.8
98097;07/25;28.5
98098;07/25;28.5
95097;07/26;30.5
95098;07/26;30.9
95099;07/26;31.19000000000001
96097;07/26;30.0
96098;07/26;30.79000000000001
96099;07/26;31.0
97097;07/26;28.9
97098;07/26;30.8
97099;07/26;30.79000000000001
98097;07/26;28.5
98098;07/26;28.5
95097;07/27;30.5
95098;07/27;30.890000000000008
95099;07/27;31.09000000000001
96097;07/27;30.0
96098;07/27;30.7
96099;07/27;31.0
97097;07/27;28.9
97098;07/27;30.8
97099;07/27;30.7
98097;07/27;28.5
98098;07/27;28.5
95097;07/28;30.5
95098;07/28;30.9
95099;07/28;31.19000000000001
96097;07/28;30.0
96098;07/28;30.79000000000001
96099;07/28;31.0
97097;07/28;28.9
97098;07/28;30.8
97099;07/28;30.7
98097;07/28;28.5
98098;07/28;28.5
95097;07/29;30.5
95098;07/29;30.9
95099;07/29;31.2
96097;07/29;30.0
96098;07/29;30.8
96099;07/29;31.0
97097;07/29;28.9
97098;07/29;30.8
97099;07/29;30.7
98097;07/29;28.59000000000001
98098;07/29;28.6
95097;07/30;30.5
95098;07/30;30.9
95099;07/30;31.19000000000001
96097;07/30;30.0
96098;07/30;30.7
96099;07/30;30.9
97097;07/30;28.9
97098;07/30;30.8
97099;07/30;30.7
98097;07/30;28.59000000000001
98098;07/30;28.6
95097;07/31;30.5
95098;07/31;30.890000000000008
95099;07/31;31.19000000000001
96097;07/31;29.9
96098;07/31;30.6
96099;07/31;30.9
97097;07/31;28.9
97098;07/31;30.8
97099;07/31;30.7
98097;07/31;28.5
98098;07/31;28.6
95097;08/01;30.4
95098;08/01;30.8
95099;08/01;31.0
96097;08/01;29.890000000000008
96098;08/01;30.6
96099;08/01;30.9
97097;08/01;28.9
97098;08/01;30.7
97099;08/01;30.6
98097;08/01;28.5
98098;08/01;28.5
95097;08/02;30.4
95098;08/02;30.7
95099;08/02;31.0
96097;08/02;29.8
96098;08/02;30.5
96099;08/02;30.8
97097;08/02;28.8
97098;08/02;30.7
97099;08/02;30.5
98097;08/02;28.390000000000008
98098;08/02;28.5
95097;08/03;30.4
95098;08/03;30.7
95099;08/03;30.99000000000001
96097;08/03;29.8
96098;08/03;30.5
96099;08/03;30.7
97097;08/03;28.8
97098;08/03;30.7
97099;08/03;30.5
98097;08/03;28.3
98098;08/03;28.4
95097;08/04;30.390000000000008
95098;08/04;30.7
95099;08/04;30.99000000000001
96097;08/04;29.79000000000001
96098;08/04;30.5
96099;08/04;30.7
97097;08/04;28.79000000000001
97098;08/04;30.7
97099;08/04;30.5
98097;08/04;28.3
98098;08/04;28.390000000000008
95097;08/05;30.3
95098;08/05;30.6
95099;08/05;30.890000000000008
96097;08/05;29.7
96098;08/05;30.5
96099;08/05;30.69000000000001
97097;08/05;28.7
97098;08/05;30.6
97099;08/05;30.5
98097;08/05;28.2
98098;08/05;28.3
95097;08/06;30.2
95098;08/06;30.5
95099;08/06;30.8
96097;08/06;29.69000000000001
96098;08/06;30.4
96099;08/06;30.6
97097;08/06;28.6
97098;08/06;30.5
97099;08/06;30.4
98097;08/06;28.2
98098;08/06;28.2
95097;08/07;30.2
95098;08/07;30.5
95099;08/07;30.8
96097;08/07;29.6
96098;08/07;30.3
96099;08/07;30.5
97097;08/07;28.5
97098;08/07;30.4
97099;08/07;30.29000000000001
98097;08/07;28.1
98098;08/07;28.19000000000001
95097;08/08;30.1
95098;08/08;30.4
95099;08/08;30.7
96097;08/08;29.5
96098;08/08;30.2
96099;08/08;30.49000000000001
97097;08/08;28.4
97098;08/08;30.29000000000001
97099;08/08;30.1
98097;08/08;28.09000000000001
98098;08/08;28.1
95097;08/09;30.1
95098;08/09;30.4
95099;08/09;30.69000000000001
96097;08/09;29.49000000000001
96098;08/09;30.19000000000001
96099;08/09;30.4
97097;08/09;28.390000000000008
97098;08/09;30.2
97099;08/09;30.1
98097;08/09;28.0
98098;08/09;28.1
95097;08/10;30.1
95098;08/10;30.390000000000008
95099;08/10;30.6
96097;08/10;29.4
96098;08/10;30.1
96099;08/10;30.3
97097;08/10;28.4
97098;08/10;30.2
97099;08/10;30.1
98097;08/10;28.09000000000001
98098;08/10;28.1
95097;08/11;30.0
95098;08/11;30.2
95099;08/11;30.5
96097;08/11;29.390000000000008
96098;08/11;30.1
96099;08/11;30.2
97097;08/11;28.3
97098;08/11;30.1
97099;08/11;30.0
98097;08/11;28.0
98098;08/11;28.0
95097;08/12;29.99000000000001
95098;08/12;30.2
95099;08/12;30.4
96097;08/12;29.2
96098;08/12;29.9
96099;08/12;30.2
97097;08/12;28.2
97098;08/12;30.0
97099;08/12;29.99000000000001
98097;08/12;27.9
98098;08/12;27.9
95097;08/13;29.8
95098;08/13;30.1
95099;08/13;30.390000000000008
96097;08/13;29.09000000000001
96098;08/13;29.8
96099;08/13;30.1
97097;08/13;28.1
97098;08/13;29.9
97099;08/13;29.9
98097;08/13;27.8
98098;08/13;27.8
95097;08/14;29.8
95098;08/14;30.1
95099;08/14;30.390000000000008
96097;08/14;29.1
96098;08/14;29.8
96099;08/14;30.1
97097;08/14;28.1
97098;08/14;29.9
97099;08/14;29.9
98097;08/14;27.8
98098;08/14;27.8
95097;08/15;29.6
95098;08/15;30.0
95099;08/15;30.29000000000001
96097;08/15;28.9
96098;08/15;29.7
96099;08/15;30.0
97097;08/15;28.0
97098;08/15;29.8
97099;08/15;29.7
98097;08/15;27.6
98098;08/15;27.6
95097;08/16;29.5
95098;08/16;29.8
95099;08/16;30.1
96097;08/16;28.7
96098;08/16;29.6
96099;08/16;30.0
97097;08/16;27.9
97098;08/16;29.7
97099;08/16;29.7
98097;08/16;27.4
98098;08/16;27.5
95097;08/17;29.4
95098;08/17;29.7
95099;08/17;30.09000000000001
96097;08/17;28.69000000000001
96098;08/17;29.5
96099;08/17;29.9
97097;08/17;27.8
97098;08/17;29.7
97099;08/17;29.6
98097;08/17;27.4
98098;08/17;27.4
95097;08/18;29.3
95098;08/18;29.5
95099;08/18;29.99000000000001
96097;08/18;28.49000000000001
96098;08/18;29.4
96099;08/18;29.7
97097;08/18;27.6
97098;08/18;29.4
97099;08/18;29.4
98097;08/18;27.29000000000001
98098;08/18;27.2
95097;08/19;29.2
95098;08/19;29.4
95099;08/19;29.9
96097;08/19;28.4
96098;08/19;29.3
96099;08/19;29.5
97097;08/19;27.4
97098;08/19;29.4
97099;08/19;29.2
98097;08/19;27.2
98098;08/19;27.1
95097;08/20;29.2
95098;08/20;29.390000000000008
95099;08/20;29.79000000000001
96097;08/20;28.3
96098;08/20;29.2
96099;08/20;29.4
97097;08/20;27.4
97098;08/20;29.390000000000008
97099;08/20;29.2
98097;08/20;27.1
98098;08/20;27.1
95097;08/21;29.1
95098;08/21;29.3
95099;08/21;29.7
96097;08/21;28.19000000000001
96098;08/21;29.0
96099;08/21;29.3
97097;08/21;27.3
97098;08/21;29.3
97099;08/21;29.09000000000001
98097;08/21;27.0
98098;08/21;27.0
95097;08/22;28.7
95098;08/22;29.1
95099;08/22;29.5
96097;08/22;28.0
96098;08/22;28.8
96099;08/22;29.2
97097;08/22;27.0
97098;08/22;29.1
97099;08/22;29.0
98097;08/22;26.8
98098;08/22;26.8
95097;08/23;28.6
95098;08/23;29.0
95099;08/23;29.49000000000001
96097;08/23;27.8
96098;08/23;28.7
96099;08/23;29.1
97097;08/23;26.9
97098;08/23;28.9
97099;08/23;28.8
98097;08/23;26.6
98098;08/23;26.6
95097;08/24;28.5
95098;08/24;28.9
95099;08/24;29.2
96097;08/24;27.8
96098;08/24;28.69000000000001
96099;08/24;29.0
97097;08/24;26.7
97098;08/24;28.79000000000001
97099;08/24;28.6
98097;08/24;26.59000000000001
98098;08/24;26.5
95097;08/25;28.4
95098;08/25;28.79000000000001
95099;08/25;29.1
96097;08/25;27.6
96098;08/25;28.5
96099;08/25;28.7
97097;08/25;26.6
97098;08/25;28.6
97099;08/25;28.4
98097;08/25;26.4
98098;08/25;26.3
95097;08/26;28.3
95098;08/26;28.69000000000001
95099;08/26;29.1
96097;08/26;27.59000000000001
96098;08/26;28.4
96099;08/26;28.6
97097;08/26;26.6
97098;08/26;28.5
97099;08/26;28.390000000000008
98097;08/26;26.3
98098;08/26;26.3
95097;08/27;28.2
95098;08/27;28.59000000000001
95099;08/27;28.9
96097;08/27;27.4
96098;08/27;28.2
96099;08/27;28.5
97097;08/27;26.5
97098;08/27;28.3
97099;08/27;28.2
98097;08/27;26.2
98098;08/27;26.2
95097;08/28;28.1
95098;08/28;28.4
95099;08/28;28.8
96097;08/28;27.3
96098;08/28;28.19000000000001
96099;08/28;28.4
97097;08/28;26.390000000000008
97098;08/28;28.1
97099;08/28;28.1
98097;08/28;26.09000000000001
98098;08/28;26.0
95097;08/29;28.1
95098;08/29;28.4
95099;08/29;28.79000000000001
96097;08/29;27.2
96098;08/29;28.1
96099;08/29;28.3
97097;08/29;26.3
97098;08/29;28.1
97099;08/29;28.0
98097;08/29;26.0
98098;08/29;26.0
95097;08/30;28.0
95098;08/30;28.3
95099;08/30;28.7
96097;08/30;27.1
96098;08/30;28.0
96099;08/30;28.3
97097;08/30;26.3
97098;08/30;28.0
97099;08/30;27.99000000000001
98097;08/30;26.0
98098;08/30;26.0
95097;08/31;27.7
95098;08/31;28.2
95099;08/31;28.6
96097;08/31;27.09000000000001
96098;08/31;27.890000000000008
96099;08/31;28.3
97097;08/31;26.1
97098;08/31;28.0
97099;08/31;27.8
98097;08/31;25.8
98098;08/31;25.9
95097;09/01;27.6
95098;09/01;28.1
95099;09/01;28.5
96097;09/01;26.99000000000001
96098;09/01;27.7
96099;09/01;28.1
97097;09/01;26.0
97098;09/01;27.8
97099;09/01;27.69000000000001
98097;09/01;25.8
98098;09/01;25.7
95097;09/02;27.5
95098;09/02;28.0
95099;09/02;28.4
96097;09/02;26.9
96098;09/02;27.6
96099;09/02;28.0
97097;09/02;25.9
97098;09/02;27.8
97099;09/02;27.59000000000001
98097;09/02;25.7
98098;09/02;25.6
95097;09/03;27.3
95098;09/03;27.8
95099;09/03;28.3
96097;09/03;26.7
96098;09/03;27.390000000000008
96099;09/03;27.7
97097;09/03;25.8
97098;09/03;27.7
97099;09/03;27.49000000000001
98097;09/03;25.6
98098;09/03;25.4
95097;09/04;27.2
95098;09/04;27.6
95099;09/04;28.1
96097;09/04;26.5
96098;09/04;27.2
96099;09/04;27.6
97097;09/04;25.6
97098;09/04;27.6
97099;09/04;27.3
98097;09/04;25.390000000000008
98098;09/04;25.3
95097;09/05;27.0
95098;09/05;27.4
95099;09/05;28.0
96097;09/05;26.3
96098;09/05;27.09000000000001
96099;09/05;27.5
97097;09/05;25.49000000000001
97098;09/05;27.4
97099;09/05;27.19000000000001
98097;09/05;25.2
98098;09/05;25.1
95097;09/06;26.9
95098;09/06;27.2
95099;09/06;27.7
96097;09/06;26.2
96098;09/06;26.9
96099;09/06;27.4
97097;09/06;25.29000000000001
97098;09/06;27.1
97099;09/06;26.9
98097;09/06;25.1
98098;09/06;24.9
95097;09/07;26.7
95098;09/07;27.1
95099;09/07;27.5
96097;09/07;26.0
96098;09/07;26.7
96099;09/07;27.1
97097;09/07;24.9
97098;09/07;26.890000000000008
97099;09/07;26.79000000000001
98097;09/07;24.9
98098;09/07;24.8
95097;09/08;26.4
95098;09/08;26.9
95099;09/08;27.2
96097;09/08;25.79000000000001
96098;09/08;26.5
96099;09/08;26.8
97097;09/08;24.8
97098;09/08;26.59000000000001
97099;09/08;26.5
98097;09/08;24.6
98098;09/08;24.6
95097;09/09;26.3
95098;09/09;26.8
95099;09/09;27.1
96097;09/09;25.6
96098;09/09;26.5
96099;09/09;26.6
97097;09/09;24.69000000000001
97098;09/09;26.4
97099;09/09;26.3
98097;09/09;24.5
98098;09/09;24.4
95097;09/10;26.2
95098;09/10;26.7
95099;09/10;26.8
96097;09/10;25.4
96098;09/10;26.4
96099;09/10;26.49000000000001
97097;09/10;24.49000000000001
97098;09/10;26.3
97099;09/10;26.0
98097;09/10;24.4
98098;09/10;24.390000000000008
95097;09/11;25.9
95098;09/11;26.4
95099;09/11;26.6
96097;09/11;25.2
96098;09/11;26.1
96099;09/11;26.2
97097;09/11;24.3
97098;09/11;26.1
97099;09/11;25.8
98097;09/11;24.2
98098;09/11;24.1
95097;09/12;25.8
95098;09/12;26.2
95099;09/12;26.5
96097;09/12;25.0
96098;09/12;25.9
96099;09/12;26.0
97097;09/12;24.2
97098;09/12;25.890000000000008
97099;09/12;25.7
98097;09/12;24.1
98098;09/12;24.1
95097;09/13;25.6
95098;09/13;26.0
95099;09/13;26.3
96097;09/13;24.9
96098;09/13;25.79000000000001
96099;09/13;25.9
97097;09/13;24.1
97098;09/13;25.8
97099;09/13;25.6
98097;09/13;23.9
98098;09/13;23.890000000000008
95097;09/14;25.5
95098;09/14;25.8
95099;09/14;26.2
96097;09/14;24.7
96098;09/14;25.59000000000001
96099;09/14;25.8
97097;09/14;24.0
97098;09/14;25.6
97099;09/14;25.4
98097;09/14;23.8
98098;09/14;23.8
95097;09/15;25.3
95098;09/15;25.7
95099;09/15;26.0
96097;09/15;24.6
96098;09/15;25.49000000000001
96099;09/15;25.5
97097;09/15;23.9
97098;09/15;25.59000000000001
97099;09/15;25.3
98097;09/15;23.7
98098;09/15;23.6
95097;09/16;25.2
95098;09/16;25.5
95099;09/16;25.8
96097;09/16;24.4
96098;09/16;25.29000000000001
96099;09/16;25.5
97097;09/16;23.6
97098;09/16;25.3
97099;09/16;25.1
98097;09/16;23.5
98098;09/16;23.4
95097;09/17;25.1
95098;09/17;25.3
95099;09/17;25.7
96097;09/17;24.29000000000001
96098;09/17;25.19000000000001
96099;09/17;25.3
97097;09/17;23.6
97098;09/17;25.2
97099;09/17;25.0
98097;09/17;23.49000000000001
98098;09/17;23.3
95097;09/18;24.8
95098;09/18;25.2
95099;09/18;25.6
96097;09/18;24.19000000000001
96098;09/18;25.0
96099;09/18;25.3
97097;09/18;23.4
97098;09/18;25.1
97099;09/18;24.9
98097;09/18;23.3
98098;09/18;23.19000000000001
95097;09/19;24.8
95098;09/19;25.1
95099;09/19;25.4
96097;09/19;24.0
96098;09/19;24.8
96099;09/19;25.1
97097;09/19;23.29000000000001
97098;09/19;24.99000000000001
97099;09/19;24.7
98097;09/19;23.1
98098;09/19;22.9
95097;09/20;24.6
95098;09/20;24.9
95099;09/20;25.2
96097;09/20;23.8
96098;09/20;24.7
96099;09/20;24.7
97097;09/20;23.1
97098;09/20;24.7
97099;09/20;24.4
98097;09/20;22.9
98098;09/20;22.8
95097;09/21;24.4
95098;09/21;24.7
95099;09/21;24.9
96097;09/21;23.6
96098;09/21;24.3
96099;09/21;24.49000000000001
97097;09/21;22.9
97098;09/21;24.5
97099;09/21;24.29000000000001
98097;09/21;22.8
98098;09/21;22.69000000000001
95097;09/22;24.2
95098;09/22;24.5
95099;09/22;24.8
96097;09/22;23.5
96098;09/22;24.2
96099;09/22;24.29000000000001
97097;09/22;22.7
97098;09/22;24.3
97099;09/22;24.1
98097;09/22;22.5
98098;09/22;22.5
95097;09/23;24.1
95098;09/23;24.4
95099;09/23;24.69000000000001
96097;09/23;23.4
96098;09/23;24.09000000000001
96099;09/23;24.2
97097;09/23;22.6
97098;09/23;24.2
97099;09/23;23.99000000000001
98097;09/23;22.4
98098;09/23;22.4
95097;09/24;24.0
95098;09/24;24.1
95099;09/24;24.4
96097;09/24;23.2
96098;09/24;24.0
96099;09/24;24.1
97097;09/24;22.3
97098;09/24;24.09000000000001
97099;09/24;23.8
98097;09/24;22.2
98098;09/24;22.2
95097;09/25;23.890000000000008
95098;09/25;24.0
95099;09/25;24.3
96097;09/25;23.0
96098;09/25;23.8
96099;09/25;23.890000000000008
97097;09/25;22.2
97098;09/25;23.7
97099;09/25;23.6
98097;09/25;22.1
98098;09/25;21.9
95097;09/26;23.59000000000001
95098;09/26;23.8
95099;09/26;24.0
96097;09/26;22.8
96098;09/26;23.5
96099;09/26;23.5
97097;09/26;22.0
97098;09/26;23.5
97099;09/26;23.3
98097;09/26;21.9
98098;09/26;21.8
95097;09/27;23.4
95098;09/27;23.7
95099;09/27;23.890000000000008
96097;09/27;22.59000000000001
96098;09/27;23.390000000000008
96099;09/27;23.4
97097;09/27;21.890000000000008
97098;09/27;23.3
97099;09/27;23.19000000000001
98097;09/27;21.7
98098;09/27;21.69000000000001
95097;09/28;23.29000000000001
95098;09/28;23.4
95099;09/28;23.7
96097;09/28;22.4
96098;09/28;23.09000000000001
96099;09/28;23.2
97097;09/28;21.7
97098;09/28;23.19000000000001
97099;09/28;22.9
98097;09/28;21.59000000000001
98098;09/28;21.6
95097;09/29;23.19000000000001
95098;09/29;23.4
95099;09/29;23.6
96097;09/29;22.29000000000001
96098;09/29;22.9
96099;09/29;23.1
97097;09/29;21.69000000000001
97098;09/29;23.1
97099;09/29;22.8
98097;09/29;21.49000000000001
98098;09/29;21.49000000000001
95097;09/30;22.9
95098;09/30;23.2
95099;09/30;23.5
96097;09/30;22.1
96098;09/30;22.8
96099;09/30;22.9
97097;09/30;21.4
97098;09/30;22.8
97099;09/30;22.6
98097;09/30;21.4
98098;09/30;21.3
95097;10/01;22.890000000000008
95098;10/01;23.1
95099;10/01;23.4
96097;10/01;22.0
96098;10/01;22.7
96099;10/01;22.8
97097;10/01;21.3
97098;10/01;22.7
97099;10/01;22.5
98097;10/01;21.3
98098;10/01;21.0
95097;10/02;22.6
95098;10/02;22.8
95099;10/02;23.1
96097;10/02;21.9
96098;10/02;22.5
96099;10/02;22.69000000000001
97097;10/02;21.2
97098;10/02;22.5
97099;10/02;22.3
98097;10/02;20.9
98098;10/02;20.8
95097;10/03;22.5
95098;10/03;22.7
95099;10/03;22.99000000000001
96097;10/03;21.8
96098;10/03;22.390000000000008
96099;10/03;22.4
97097;10/03;20.9
97098;10/03;22.4
97099;10/03;22.2
98097;10/03;20.7
98098;10/03;20.5
95097;10/04;22.29000000000001
95098;10/04;22.5
95099;10/04;22.69000000000001
96097;10/04;21.59000000000001
96098;10/04;22.1
96099;10/04;22.2
97097;10/04;20.69000000000001
97098;10/04;22.1
97099;10/04;22.0
98097;10/04;20.5
98098;10/04;20.3
95097;10/05;21.99000000000001
95098;10/05;22.2
95099;10/05;22.5
96097;10/05;21.19000000000001
96098;10/05;21.8
96099;10/05;22.1
97097;10/05;20.3
97098;10/05;21.9
97099;10/05;21.8
98097;10/05;20.3
98098;10/05;19.9
95097;10/06;21.8
95098;10/06;22.0
95099;10/06;22.3
96097;10/06;20.9
96098;10/06;21.5
96099;10/06;21.7
97097;10/06;20.2
97098;10/06;21.6
97099;10/06;21.5
98097;10/06;20.1
98098;10/06;19.8
95097;10/07;21.49000000000001
95098;10/07;21.9
95099;10/07;22.1
96097;10/07;20.8
96098;10/07;21.3
96099;10/07;21.59000000000001
97097;10/07;20.1
97098;10/07;21.4
97099;10/07;21.3
98097;10/07;19.99000000000001
98098;10/07;19.7
95097;10/08;21.3
95098;10/08;21.5
95099;10/08;21.69000000000001
96097;10/08;20.5
96098;10/08;21.2
96099;10/08;21.2
97097;10/08;19.9
97098;10/08;21.2
97099;10/08;21.0
98097;10/08;19.7
98098;10/08;19.5
95097;10/09;21.0
95098;10/09;21.19000000000001
95099;10/09;21.4
96097;10/09;20.29000000000001
96098;10/09;21.0
96099;10/09;20.9
97097;10/09;19.6
97098;10/09;21.0
97099;10/09;20.7
98097;10/09;19.5
98098;10/09;19.4
95097;10/10;20.7
95098;10/10;20.9
95099;10/10;21.1
96097;10/10;20.1
96098;10/10;20.69000000000001
96099;10/10;20.7
97097;10/10;19.5
97098;10/10;20.79000000000001
97099;10/10;20.4
98097;10/10;19.4
98098;10/10;19.2
95097;10/11;20.5
95098;10/11;20.7
95099;10/11;21.0
96097;10/11;19.99000000000001
96098;10/11;20.5
96099;10/11;20.5
97097;10/11;19.2
97098;10/11;20.6
97099;10/11;20.3
98097;10/11;19.2
98098;10/11;19.0
95097;10/12;20.4
95098;10/12;20.6
95099;10/12;20.8
96097;10/12;19.8
96098;10/12;20.390000000000008
96099;10/12;20.3
97097;10/12;19.19000000000001
97098;10/12;20.5
97099;10/12;20.19000000000001
98097;10/12;19.1
98098;10/12;18.8
95097;10/13;20.2
95098;10/13;20.3
95099;10/13;20.6
96097;10/13;19.49000000000001
96098;10/13;20.0
96099;10/13;20.1
97097;10/13;18.9
97098;10/13;20.2
97099;10/13;19.9
98097;10/13;18.9
98098;10/13;18.6
95097;10/14;20.0
95098;10/14;20.2
95099;10/14;20.4
96097;10/14;19.3
96098;10/14;19.890000000000008
96099;10/14;20.0
97097;10/14;18.6
97098;10/14;20.1
97099;10/14;19.8
98097;10/14;18.7
98098;10/14;18.5
95097;10/15;19.8
95098;10/15;20.0
95099;10/15;20.1
96097;10/15;18.9
96098;10/15;19.6
96099;10/15;19.69000000000001
97097;10/15;18.4
97098;10/15;19.8
97099;10/15;19.5
98097;10/15;18.5
98098;10/15;18.3
95097;10/16;19.69000000000001
95098;10/16;19.880000000000017
95099;10/16;19.9
96097;10/16;18.7
96098;10/16;19.3
96099;10/16;19.3
97097;10/16;18.2
97098;10/16;19.5
97099;10/16;19.1
98097;10/16;18.3
98098;10/16;18.2
95097;10/17;19.5
95098;10/17;19.6
95099;10/17;19.7
96097;10/17;18.6
96098;10/17;19.1
96099;10/17;19.1
97097;10/17;18.0
97098;10/17;19.3
97099;10/17;18.9
98097;10/17;18.1
98098;10/17;18.0
95097;10/18;19.2
95098;10/18;19.5
95099;10/18;19.6
96097;10/18;18.4
96098;10/18;19.0
96099;10/18;19.0
97097;10/18;17.9
97098;10/18;19.1
97099;10/18;18.8
98097;10/18;18.0
98098;10/18;17.890000000000008
95097;10/19;19.0
95098;10/19;19.29000000000001
95099;10/19;19.4
96097;10/19;18.2
96098;10/19;18.8
96099;10/19;18.8
97097;10/19;17.7
97098;10/19;18.9
97099;10/19;18.6
98097;10/19;17.890000000000008
98098;10/19;17.6
95097;10/20;18.7
95098;10/20;18.99000000000001
95099;10/20;19.1
96097;10/20;18.0
96098;10/20;18.4
96099;10/20;18.6
97097;10/20;17.5
97098;10/20;18.8
97099;10/20;18.4
98097;10/20;17.7
98098;10/20;17.49000000000001
95097;10/21;18.5
95098;10/21;18.79000000000001
95099;10/21;19.0
96097;10/21;18.0
96098;10/21;18.4
96099;10/21;18.49000000000001
97097;10/21;17.4
97098;10/21;18.6
97099;10/21;18.29000000000001
98097;10/21;17.59000000000001
98098;10/21;17.4
95097;10/22;18.3
95098;10/22;18.59000000000001
95099;10/22;18.8
96097;10/22;17.8
96098;10/22;18.2
96099;10/22;18.3
97097;10/22;17.29000000000001
97098;10/22;18.4
97099;10/22;18.1
98097;10/22;17.3
98098;10/22;17.2
95097;10/23;18.29000000000001
95098;10/23;18.4
95099;10/23;18.7
96097;10/23;17.6
96098;10/23;18.0
96099;10/23;18.2
97097;10/23;17.1
97098;10/23;18.29000000000001
97099;10/23;17.99000000000001
98097;10/23;17.2
98098;10/23;16.9
95097;10/24;18.2
95098;10/24;18.4
95099;10/24;18.5
96097;10/24;17.5
96098;10/24;17.9
96099;10/24;18.0
97097;10/24;17.0
97098;10/24;18.0
97099;10/24;17.79000000000001
98097;10/24;17.19000000000001
98098;10/24;16.8
95097;10/25;18.0
95098;10/25;18.2
95099;10/25;18.3
96097;10/25;17.2
96098;10/25;17.6
96099;10/25;17.79000000000001
97097;10/25;16.8
97098;10/25;17.7
97099;10/25;17.49000000000001
98097;10/25;16.9
98098;10/25;16.7
95097;10/26;17.69000000000001
95098;10/26;17.9
95099;10/26;18.19000000000001
96097;10/26;17.0
96098;10/26;17.5
96099;10/26;17.5
97097;10/26;16.59000000000001
97098;10/26;17.5
97099;10/26;17.2
98097;10/26;16.69000000000001
98098;10/26;16.4
95097;10/27;17.4
95098;10/27;17.5
95099;10/27;17.8
96097;10/27;16.7
96098;10/27;17.2
96099;10/27;17.3
97097;10/27;16.09000000000001
97098;10/27;17.3
97099;10/27;17.09000000000001
98097;10/27;16.390000000000008
98098;10/27;16.1
95097;10/28;17.2
95098;10/28;17.4
95099;10/28;17.5
96097;10/28;16.5
96098;10/28;17.0
96099;10/28;17.0
97097;10/28;15.9
97098;10/28;17.19000000000001
97099;10/28;16.8
98097;10/28;16.2
98098;10/28;16.0
95097;10/29;16.99000000000001
95098;10/29;17.1
95099;10/29;17.1
96097;10/29;16.2
96098;10/29;16.7
96099;10/29;16.69000000000001
97097;10/29;15.6
97098;10/29;16.8
97099;10/29;16.4
98097;10/29;15.9
98098;10/29;15.7
95097;10/30;16.7
95098;10/30;16.8
95099;10/30;16.9
96097;10/30;15.9
96098;10/30;16.4
96099;10/30;16.4
97097;10/30;15.4
97098;10/30;16.5
97099;10/30;16.2
98097;10/30;15.590000000000009
98098;10/30;15.39000000000001
95097;10/31;16.49000000000001
95098;10/31;16.5
95099;10/31;16.7
96097;10/31;15.7
96098;10/31;16.19000000000001
96099;10/31;16.3
97097;10/31;15.1
97098;10/31;16.3
97099;10/31;16.0
98097;10/31;15.29000000000001
98098;10/31;15.1
95097;11/01;16.1
95098;11/01;16.3
95099;11/01;16.5
96097;11/01;15.4
96098;11/01;15.9
96099;11/01;15.990000000000009
97097;11/01;14.8
97098;11/01;16.1
97099;11/01;15.7
98097;11/01;15.0
98098;11/01;14.8
95097;11/02;15.9
95098;11/02;16.0
95099;11/02;16.29000000000001
96097;11/02;15.3
96098;11/02;15.7
96099;11/02;15.7
97097;11/02;14.690000000000008
97098;11/02;15.9
97099;11/02;15.4
98097;11/02;14.8
98098;11/02;14.6
95097;11/03;15.6
95098;11/03;15.8
95099;11/03;16.0
96097;11/03;15.0
96098;11/03;15.5
96099;11/03;15.5
97097;11/03;14.5
97098;11/03;15.7
97099;11/03;15.2
98097;11/03;14.690000000000008
98098;11/03;14.4
95097;11/04;15.4
95098;11/04;15.5
95099;11/04;15.8
96097;11/04;14.8
96098;11/04;15.2
96099;11/04;15.4
97097;11/04;14.4
97098;11/04;15.490000000000009
97099;11/04;15.2
98097;11/04;14.5
98098;11/04;14.3
95097;11/05;15.3
95098;11/05;15.4
95099;11/05;15.690000000000008
96097;11/05;14.6
96098;11/05;15.0
96099;11/05;15.1
97097;11/05;14.1
97098;11/05;15.2
97099;11/05;14.9
98097;11/05;14.3
98098;11/05;14.2
95097;11/06;15.1
95098;11/06;15.3
95099;11/06;15.4
96097;11/06;14.4
96098;11/06;14.9
96099;11/06;14.9
97097;11/06;14.0
97098;11/06;15.0
97099;11/06;14.6
98097;11/06;14.190000000000008
98098;11/06;13.9
95097;11/07;14.9
95098;11/07;15.0
95099;11/07;15.2
96097;11/07;14.2
96098;11/07;14.6
96099;11/07;14.5
97097;11/07;13.8
97098;11/07;14.7
97099;11/07;14.3
98097;11/07;13.990000000000009
98098;11/07;13.7
95097;11/08;14.7
95098;11/08;14.7
95099;11/08;14.9
96097;11/08;14.0
96098;11/08;14.39000000000001
96099;11/08;14.3
97097;11/08;13.5
97098;11/08;14.5
97099;11/08;14.1
98097;11/08;13.8
98098;11/08;13.6
95097;11/09;14.5
95098;11/09;14.5
95099;11/09;14.690000000000008
96097;11/09;13.89000000000001
96098;11/09;14.2
96099;11/09;14.2
97097;11/09;13.39000000000001
97098;11/09;14.39000000000001
97099;11/09;13.990000000000009
98097;11/09;13.7
98098;11/09;13.4
95097;11/10;14.3
95098;11/10;14.2
95099;11/10;14.4
96097;11/10;13.5
96098;11/10;13.9
96099;11/10;13.9
97097;11/10;13.190000000000008
97098;11/10;14.1
97099;11/10;13.79000000000001
98097;11/10;13.4
98098;11/10;13.2
95097;11/11;14.0
95098;11/11;14.0
95099;11/11;14.2
96097;11/11;13.39000000000001
96098;11/11;13.7
96099;11/11;13.7
97097;11/11;12.9
97098;11/11;13.990000000000009
97099;11/11;13.6
98097;11/11;13.3
98098;11/11;13.0
95097;11/12;13.7
95098;11/12;13.8
95099;11/12;13.9
96097;11/12;13.2
96098;11/12;13.6
96099;11/12;13.6
97097;11/12;12.8
97098;11/12;13.8
97099;11/12;13.5
98097;11/12;13.0
98098;11/12;12.8
95097;11/13;13.6
95098;11/13;13.690000000000008
95099;11/13;13.8
96097;11/13;13.0
96098;11/13;13.5
96099;11/13;13.5
97097;11/13;12.6
97098;11/13;13.590000000000009
97099;11/13;13.3
98097;11/13;12.8
98098;11/13;12.7
95097;11/14;13.5
95098;11/14;13.5
95099;11/14;13.7
96097;11/14;12.9
96098;11/14;13.39000000000001
96099;11/14;13.29000000000001
97097;11/14;12.5
97098;11/14;13.4
97099;11/14;13.2
98097;11/14;12.690000000000008
98098;11/14;12.6
95097;11/15;13.39000000000001
95098;11/15;13.3
95099;11/15;13.5
96097;11/15;12.690000000000008
96098;11/15;13.090000000000009
96099;11/15;13.1
97097;11/15;12.29000000000001
97098;11/15;13.29000000000001
97099;11/15;12.990000000000009
98097;11/15;12.590000000000009
98098;11/15;12.39000000000001
95097;11/16;13.2
95098;11/16;13.1
95099;11/16;13.190000000000008
96097;11/16;12.5
96098;11/16;12.9
96099;11/16;12.9
97097;11/16;12.1
97098;11/16;12.990000000000009
97099;11/16;12.6
98097;11/16;12.3
98098;11/16;12.1
95097;11/17;12.9
95098;11/17;12.9
95099;11/17;13.0
96097;11/17;12.4
96098;11/17;12.8
96099;11/17;12.7
97097;11/17;11.9
97098;11/17;12.8
97099;11/17;12.5
98097;11/17;12.2
98098;11/17;11.9
95097;11/18;12.8
95098;11/18;12.79000000000001
95099;11/18;12.9
96097;11/18;12.1
96098;11/18;12.6
96099;11/18;12.490000000000009
97097;11/18;11.79000000000001
97098;11/18;12.5
97099;11/18;12.2
98097;11/18;11.9
98098;11/18;11.7
95097;11/19;12.5
95098;11/19;12.6
95099;11/19;12.7
96097;11/19;11.9
96098;11/19;12.3
96099;11/19;12.2
97097;11/19;11.5
97098;11/19;12.3
97099;11/19;12.090000000000009
98097;11/19;11.7
98098;11/19;11.6
95097;11/20;12.4
95098;11/20;12.4
95099;11/20;12.6
96097;11/20;11.7
96098;11/20;12.1
96099;11/20;12.1
97097;11/20;11.3
97098;11/20;12.2
97099;11/20;11.9
98097;11/20;11.6
98098;11/20;11.3
95097;11/21;12.2
95098;11/21;12.3
95099;11/21;12.5
96097;11/21;11.6
96098;11/21;12.0
96099;11/21;12.0
97097;11/21;11.1
97098;11/21;12.1
97099;11/21;11.8
98097;11/21;11.5
98098;11/21;11.2
95097;11/22;12.0
95098;11/22;12.2
95099;11/22;12.4
96097;11/22;11.5
96098;11/22;11.8
96099;11/22;11.8
97097;11/22;10.9
97098;11/22;12.0
97099;11/22;11.7
98097;11/22;11.3
98098;11/22;11.0
95097;11/23;12.0
95098;11/23;12.1
95099;11/23;12.4
96097;11/23;11.490000000000009
96098;11/23;11.8
96099;11/23;11.8
97097;11/23;10.9
97098;11/23;12.0
97099;11/23;11.6
98097;11/23;11.2
98098;11/23;11.0
95097;11/24;11.9
95098;11/24;12.0
95099;11/24;12.1
96097;11/24;11.2
96098;11/24;11.7
96099;11/24;11.7
97097;11/24;10.79000000000001
97098;11/24;11.8
97099;11/24;11.5
98097;11/24;11.090000000000009
98098;11/24;10.9
95097;11/25;11.7
95098;11/25;11.8
95099;11/25;12.0
96097;11/25;11.1
96098;11/25;11.5
96099;11/25;11.5
97097;11/25;10.6
97098;11/25;11.6
97099;11/25;11.39000000000001
98097;11/25;10.8
98098;11/25;10.7
95097;11/26;11.7
95098;11/26;11.7
95099;11/26;11.8
96097;11/26;11.0
96098;11/26;11.4
96099;11/26;11.490000000000009
97097;11/26;10.590000000000009
97098;11/26;11.6
97099;11/26;11.3
98097;11/26;10.8
98098;11/26;10.6
95097;11/27;11.5
95098;11/27;11.6
95099;11/27;11.6
96097;11/27;10.8
96098;11/27;11.2
96099;11/27;11.2
97097;11/27;10.39000000000001
97098;11/27;11.4
97099;11/27;11.0
98097;11/27;10.5
98098;11/27;10.490000000000009
95097;11/28;11.3
95098;11/28;11.4
95099;11/28;11.5
96097;11/28;10.6
96098;11/28;11.0
96099;11/28;11.1
97097;11/28;10.2
97098;11/28;11.2
97099;11/28;10.9
98097;11/28;10.4
98098;11/28;10.3
95097;11/29;11.1
95098;11/29;11.2
95099;11/29;11.4
96097;11/29;10.5
96098;11/29;10.9
96099;11/29;11.0
97097;11/29;10.1
97098;11/29;11.0
97099;11/29;10.79000000000001
98097;11/29;10.3
98098;11/29;10.0
95097;11/30;10.990000000000009
95098;11/30;11.1
95099;11/30;11.29000000000001
96097;11/30;10.4
96098;11/30;10.8
96099;11/30;10.8
97097;11/30;9.9
97098;11/30;10.9
97099;11/30;10.690000000000008
98097;11/30;10.1
98098;11/30;9.8
95097;12/01;10.9
95098;12/01;11.0
95099;12/01;11.1
96097;12/01;10.3
96098;12/01;10.7
96099;12/01;10.690000000000008
97097;12/01;9.8
97098;12/01;10.8
97099;12/01;10.5
98097;12/01;10.1
98098;12/01;9.8
95097;12/02;10.89000000000001
95098;12/02;11.0
95099;12/02;11.1
96097;12/02;10.3
96098;12/02;10.7
96099;12/02;10.6
97097;12/02;9.7
97098;12/02;10.7
97099;12/02;10.490000000000009
98097;12/02;10.0
98098;12/02;9.8
95097;12/03;10.8
95098;12/03;10.9
95099;12/03;10.9
96097;12/03;10.190000000000008
96098;12/03;10.690000000000008
96099;12/03;10.5
97097;12/03;9.7
97098;12/03;10.7
97099;12/03;10.4
98097;12/03;10.0
98098;12/03;9.8
95097;12/04;10.7
95098;12/04;10.9
95099;12/04;10.990000000000009
96097;12/04;10.1
96098;12/04;10.7
96099;12/04;10.590000000000009
97097;12/04;9.7
97098;12/04;10.7
97099;12/04;10.4
98097;12/04;10.0
98098;12/04;9.8
95097;12/05;10.7
95098;12/05;10.9
95099;12/05;10.9
96097;12/05;10.1
96098;12/05;10.6
96099;12/05;10.5
97097;12/05;9.6
97098;12/05;10.7
97099;12/05;10.3
98097;12/05;9.9
98098;12/05;9.7
95097;12/06;10.6
95098;12/06;10.8
95099;12/06;10.89000000000001
96097;12/06;10.0
96098;12/06;10.5
96099;12/06;10.5
97097;12/06;9.5
97098;12/06;10.6
97099;12/06;10.3
98097;12/06;9.8
98098;12/06;9.5
95097;12/07;10.6
95098;12/07;10.7
95099;12/07;10.8
96097;12/07;10.0
96098;12/07;10.490000000000009
96099;12/07;10.490000000000009
97097;12/07;9.5
97098;12/07;10.590000000000009
97099;12/07;10.29000000000001
98097;12/07;9.7
98098;12/07;9.5
95097;12/08;10.590000000000009
95098;12/08;10.690000000000008
95099;12/08;10.8
96097;12/08;9.9
96098;12/08;10.3
96099;12/08;10.3
97097;12/08;9.4
97098;12/08;10.5
97099;12/08;10.2
98097;12/08;9.6
98098;12/08;9.4
95097;12/09;10.39000000000001
95098;12/09;10.5
95099;12/09;10.7
96097;12/09;9.8
96098;12/09;10.1
96099;12/09;10.2
97097;12/09;9.2
97098;12/09;10.2
97099;12/09;10.0
98097;12/09;9.5
98098;12/09;9.3
95097;12/10;10.3
95098;12/10;10.490000000000009
95099;12/10;10.7
96097;12/10;9.7
96098;12/10;10.1
96099;12/10;10.1
97097;12/10;9.2
97098;12/10;10.190000000000008
97099;12/10;9.9
98097;12/10;9.4
98098;12/10;9.190000000000008
95097;12/11;10.2
95098;12/11;10.3
95099;12/11;10.590000000000009
96097;12/11;9.6
96098;12/11;10.1
96099;12/11;10.0
97097;12/11;9.1
97098;12/11;10.1
97099;12/11;9.89000000000001
98097;12/11;9.4
98098;12/11;9.1
95097;12/12;10.1
95098;12/12;10.3
95099;12/12;10.5
96097;12/12;9.590000000000009
96098;12/12;10.0
96099;12/12;10.0
97097;12/12;9.0
97098;12/12;10.0
97099;12/12;9.8
98097;12/12;9.3
98098;12/12;9.090000000000009
95097;12/13;10.1
95098;12/13;10.3
95099;12/13;10.5
96097;12/13;9.5
96098;12/13;10.0
96099;12/13;9.990000000000009
97097;12/13;9.0
97098;12/13;10.0
97099;12/13;9.8
98097;12/13;9.3
98098;12/13;9.0
95097;12/14;10.1
95098;12/14;10.3
95099;12/14;10.5
96097;12/14;9.5
96098;12/14;10.0
96099;12/14;10.0
97097;12/14;9.0
97098;12/14;10.0
97099;12/14;9.8
98097;12/14;9.2
98098;12/14;9.0
95097;12/15;10.1
95098;12/15;10.3
95099;12/15;10.5
96097;12/15;9.5
96098;12/15;10.0
96099;12/15;10.0
97097;12/15;9.0
97098;12/15;10.0
97099;12/15;9.8
98097;12/15;9.2
98098;12/15;9.0
95097;12/16;10.1
95098;12/16;10.3
95099;12/16;10.4
96097;12/16;9.4
96098;12/16;9.9
96099;12/16;9.9
97097;12/16;8.9
97098;12/16;10.0
97099;12/16;9.7
98097;12/16;9.190000000000008
98098;12/16;8.9
95097;12/17;10.090000000000009
95098;12/17;10.2
95099;12/17;10.3
96097;12/17;9.4
96098;12/17;9.8
96099;12/17;9.8
97097;12/17;8.9
97098;12/17;9.9
97099;12/17;9.690000000000008
98097;12/17;9.1
98098;12/17;8.9
95097;12/18;10.0
95098;12/18;10.2
95099;12/18;10.29000000000001
96097;12/18;9.3
96098;12/18;9.8
96099;12/18;9.8
97097;12/18;8.8
97098;12/18;9.9
97099;12/18;9.6
98097;12/18;9.090000000000009
98098;12/18;8.89000000000001
95097;12/19;9.9
95098;12/19;10.2
95099;12/19;10.2
96097;12/19;9.3
96098;12/19;9.79000000000001
96099;12/19;9.7
97097;12/19;8.8
97098;12/19;9.89000000000001
97099;12/19;9.590000000000009
98097;12/19;9.0
98098;12/19;8.8
95097;12/20;9.9
95098;12/20;10.190000000000008
95099;12/20;10.2
96097;12/20;9.3
96098;12/20;9.79000000000001
96099;12/20;9.7
97097;12/20;8.8
97098;12/20;9.8
97099;12/20;9.5
98097;12/20;9.0
98098;12/20;8.8
95097;12/21;9.9
95098;12/21;10.090000000000009
95099;12/21;10.2
96097;12/21;9.29000000000001
96098;12/21;9.7
96099;12/21;9.7
97097;12/21;8.79000000000001
97098;12/21;9.8
97099;12/21;9.5
98097;12/21;9.0
98098;12/21;8.8
95097;12/22;9.9
95098;12/22;10.0
95099;12/22;10.190000000000008
96097;12/22;9.2
96098;12/22;9.7
96099;12/22;9.6
97097;12/22;8.7
97098;12/22;9.8
97099;12/22;9.5
98097;12/22;8.990000000000009
98098;12/22;8.8
95097;12/23;9.9
95098;12/23;10.0
95099;12/23;10.1
96097;12/23;9.2
96098;12/23;9.7
96099;12/23;9.6
97097;12/23;8.6
97098;12/23;9.8
97099;12/23;9.4
98097;12/23;8.9
98098;12/23;8.7
95097;12/24;9.8
95098;12/24;9.990000000000009
95099;12/24;10.1
96097;12/24;9.190000000000008
96098;12/24;9.6
96099;12/24;9.6
97097;12/24;8.6
97098;12/24;9.7
97099;12/24;9.4
98097;12/24;8.89000000000001
98098;12/24;8.6
95097;12/25;9.9
95098;12/25;10.090000000000009
95099;12/25;10.2
96097;12/25;9.29000000000001
96098;12/25;9.7
96099;12/25;9.6
97097;12/25;8.79000000000001
97098;12/25;9.8
97099;12/25;9.490000000000009
98097;12/25;8.9
98098;12/25;8.8
95097;12/26;9.9
95098;12/26;10.1
95099;12/26;10.2
96097;12/26;9.3
96098;12/26;9.7
96099;12/26;9.6
97097;12/26;8.8
97098;12/26;9.8
97099;12/26;9.490000000000009
98097;12/26;8.990000000000009
98098;12/26;8.8
95097;12/27;9.9
95098;12/27;10.090000000000009
95099;12/27;10.1
96097;12/27;9.2
96098;12/27;9.7
96099;12/27;9.6
97097;12/27;8.8
97098;12/27;9.7
97099;12/27;9.4
98097;12/27;8.9
98098;12/27;8.8
95097;12/28;9.9
95098;12/28;10.090000000000009
95099;12/28;10.1
96097;12/28;9.2
96098;12/28;9.7
96099;12/28;9.6
97097;12/28;8.79000000000001
97098;12/28;9.79000000000001
97099;12/28;9.4
98097;12/28;8.9
98098;12/28;8.79000000000001
95097;12/29;10.0
95098;12/29;10.1
95099;12/29;10.2
96097;12/29;9.3
96098;12/29;9.8
96099;12/29;9.690000000000008
97097;12/29;8.8
97098;12/29;9.89000000000001
97099;12/29;9.5
98097;12/29;8.9
98098;12/29;8.8
95097;12/30;9.990000000000009
95098;12/30;10.1
95099;12/30;10.2
96097;12/30;9.3
96098;12/30;9.8
96099;12/30;9.7
97097;12/30;8.8
97098;12/30;9.9
97099;12/30;9.5
98097;12/30;8.9
98098;12/30;8.8
95097;12/31;9.9
95098;12/31;10.1
95099;12/31;10.2
96097;12/31;9.2
96098;12/31;9.8
96099;12/31;9.7
97097;12/31;8.7
97098;12/31;9.89000000000001
97099;12/31;9.5
98097;12/31;8.9
98098;12/31;8.8
